acc_x, acc_y, angular_z, stamp, 
-0.007873117923736572, 0.0018641948699951172, 1.2432976935350328e-12, 1791403396469018548, 
-0.00607985258102417, 0.009284734725952148, -1.5676158913769828e-12, 1791403396499413787, 
0.024309754371643066, -0.001370847225189209, 2.0899146356991116e-13, 1791403396529091224, 
-0.01163417100906372, 0.005866408348083496, 1.718594628420782e-12, 1791403396560623817, 
0.013585984706878662, 0.016611695289611816, 1.952250462040132e-12, 1791403396591247030, 
0.013669371604919434, 0.020134806632995605, 1.5341168554354045e-13, 1791403396619144094, 
-0.022224009037017822, 0.0038824081420898438, 4.311259585744031e-15, 1791403396649152128, 
0.006732285022735596, -0.0015393495559692383, 2.4601391940310764e-12, 1791403396679171960, 
0.008701443672180176, 0.0018579363822937012, 1.7119807852623515e-11, 1791403396709261723, 
0.005168497562408447, -0.018024027347564697, 9.925218621040361e-07, 1791403396739289854, 
-0.003971219062805176, -0.023406386375427246, 4.401864816133938e-11, 1791403396769375206, 
-0.02916717529296875, 0.007239639759063721, 1.4048296654790235e-11, 1791403396801051171, 
0.0014303922653198242, -0.0035164356231689453, 1.2940139795058556e-11, 1791403396832748805, 
0.005060374736785889, 0.012579083442687988, 1.6011873083058976e-11, 1791403396859619058, 
0.01383984088897705, -0.0018712878227233887, 1.6292421996071324e-11, 1791403396889555113, 
-0.02062690258026123, -0.01631265878677368, -9.913541336227034e-07, 1791403396919617672, 
-0.03139030933380127, 0.012554049491882324, -9.915933546115404e-07, 1791403396949673111, 
-0.002396881580352783, 0.005416274070739746, -2.5164427950548798e-12, 1791403396979692773, 
0.022787809371948242, 0.007149398326873779, 4.024296885949887e-12, 1791403397009731791, 
-0.024158835411071777, -0.016128361225128174, -5.4507261553785e-12, 1791403397040924416, 
-0.042187392711639404, 0.02535325288772583, -1.7845086489762374e-12, 1791403397072525069, 
0.0047917962074279785, 0.029042482376098633, 9.429851193334305e-13, 1791403397099951322, 
0.026477038860321045, 0.009172022342681885, -1.4297931678640305e-12, 1791403397129925043, 
0.03536039590835571, 0.009108304977416992, 3.2685356937099357e-12, 1791403397159990680, 
-0.03487485647201538, -0.008970201015472412, -3.187421708227921e-12, 1791403397190043959, 
-0.0041465163230896, 0.00902467966079712, 1.25099031665199e-12, 1791403397220083089, 
-0.0038796663284301758, 0.016068100929260254, 1.5504329348202224e-11, 1791403397250156431, 
0.041022539138793945, -0.02174699306488037, 3.493578070061377e-11, 1791403397281201726, 
0.0011554360389709473, -0.016139507293701172, 5.1039054180948356e-12, 1791403397313022975, 
-0.0349733829498291, 0.003915250301361084, -1.0904889282948122e-12, 1791403397340397621, 
-0.03669840097427368, 0.025462329387664795, 7.153486019696379e-12, 1791403397370353912, 
0.026169896125793457, -0.010519683361053467, 4.089250630335225e-12, 1791403397400392979, 
0.018842995166778564, -0.02663034200668335, 2.5167194923471616e-12, 1791403397423316637, 
-0.0317646861076355, -0.026505112648010254, 2.0207149570634387e-11, 1791403397450456806, 
-0.013848066329956055, -0.00108259916305542, 6.45500112362626e-11, 1791403397480517580, 
0.00946718454360962, 0.04204297065734863, 5.323749306095926e-11, 1791403397502457664, 
0.020046889781951904, -0.004875242710113525, -1.0596096433579251e-06, 1791403397530581571, 
-0.012588441371917725, -0.019452929496765137, 2.5985526404427524e-11, 1791403397560693313, 
-0.039584994316101074, -0.019347071647644043, 1.2621667506199561e-11, 1791403397590750595, 
-0.007137775421142578, 0.007714211940765381, 2.8139408031878484e-11, 1791403397610819898, 
0.03606224060058594, 0.01663219928741455, 7.152704804951644e-11, 1791403397649779456, 
0.030423760414123535, -0.02100914716720581, -9.590411696265852e-07, 1791403397680853051, 
0.00483781099319458, -0.0028679370880126953, 1.0473337847780313e-10, 1791403397712708345, 
-0.01680058240890503, 0.013598740100860596, 2.118864335155443e-10, 1791403397743694942, 
0.02801525592803955, 0.024299025535583496, 2.7357849442502445e-10, 1791403397771129195, 
0.017044246196746826, -0.0045362114906311035, 2.1212039455978098e-10, 1791403397801049660, 
-0.013720095157623291, -0.013343632221221924, -9.911992287732065e-07, 1791403397831109582, 
-0.042388856410980225, 0.008330345153808594, 3.35179141770424e-10, 1791403397861148183, 
-0.009621620178222656, 0.006669461727142334, 2.4779689358916285e-10, 1791403397891208822, 
0.024678051471710205, -0.011391520500183105, 1.8968482405141463e-10, 1791403397921267924, 
0.008447706699371338, -0.01673448085784912, 1.766266770549166e-10, 1791403397952965227, 
-0.027331888675689697, 0.017547667026519775, 1.6595843052701236e-10, 1791403397984887885, 
0.016026735305786133, 0.0031936168670654297, 1.4766860492966045e-10, 1791403398011557995, 
0.025034010410308838, -0.021914899349212646, 1.0366272514894179e-10, 1791403398041715251, 
0.017700016498565674, -0.014580368995666504, 9.977642023662163e-07, 1791403398071588688, 
-0.027363717555999756, -0.005230128765106201, 2.0128161683877896e-10, 1791403398101618604, 
-0.009121358394622803, 0.004030406475067139, 2.0561001350349582e-10, 1791403398131583284, 
0.012782931327819824, 0.004118800163269043, 9.921760591132757e-07, 1791403398161622271, 
0.012895584106445312, 0.009419500827789307, -2.5525269494280023e-12, 1791403398192643041, 
-0.00512385368347168, -0.010370492935180664, 9.259041656214324e-07, 1791403398224830532, 
-0.033788323402404785, 0.007583200931549072, 7.658566630710792e-13, 1791403398251875034, 
0.023920416831970215, 0.021815717220306396, 1.0274313306478674e-06, 1791403398280879707, 
0.0382196307182312, -0.008915722370147705, -4.711536480761944e-11, 1791403398311918388, 
0.009103119373321533, -0.028764545917510986, 2.885294579313498e-12, 1791403398342045208, 
0.00012201070785522461, 0.0020713210105895996, 4.1639949648193553e-11, 1791403398372041520, 
0.0038102269172668457, 0.011079967021942139, 3.2648865486287885e-11, 1791403398402062896, 
0.014571070671081543, 0.000254213809967041, 9.758455642899738e-07, 1791403398432603197, 
-0.01971125602722168, -0.01943981647491455, 4.292108452581126e-11, 1791403398465180704, 
-0.03937608003616333, 0.0006020665168762207, 1.0999130231859474e-06, 1791403398492277443, 
0.009426116943359375, 0.01689887046813965, -2.0511179634878408e-11, 1791403398522241125, 
0.04550272226333618, 0.027667582035064697, -9.272078361099382e-11, 1791403398552321597, 
-0.012171149253845215, 0.00478363037109375, -2.934519890848671e-11, 1791403398582428202, 
0.13333237171173096, 0.0210721492767334, 0.00203846535097051, 1791403398612355299, 
0.7460676431655884, 0.6654635667800903, 0.07523817654822787, 1791403398643006491, 
1.3295265436172485, -0.040699541568756104, 0.2760482785449982, 1791403398673209823, 
0.3786218762397766, -0.13817477226257324, 0.2875569196336854, 1791403398704550773, 
0.4765264391899109, 0.06778180599212646, 0.37341130732642536, 1791403398734654699, 
0.09219551086425781, 0.4295210838317871, 0.5028265562381645, 1791403398763204372, 
0.12944847345352173, -0.2560388445854187, 0.5459451178330234, 1791403398793152023, 
0.0353398323059082, 0.10207241773605347, 0.5279863191497426, 1791403398823197236, 
-0.23457425832748413, -0.0869644284248352, 0.48392997724021014, 1791403398853186546, 
-0.06332403421401978, 0.11402052640914917, 0.47931848894665474, 1791403398883188506, 
0.27869802713394165, 0.15866345167160034, 0.47831483777005696, 1791403398913256338, 
-0.382804274559021, -0.028934597969055176, 0.49214968287060556, 1791403398944625017, 
0.44916629791259766, 0.01940232515335083, 0.4938208168370243, 1791403398976044764, 
0.19271975755691528, -0.301626980304718, 0.550790342311263, 1791403399003218866, 
0.07808196544647217, 0.027191519737243652, 0.5045222769182524, 1791403399033254764, 
0.061194002628326416, 0.1510704755783081, 0.4929007159121453, 1791403399063335285, 
-0.40440046787261963, 0.16118121147155762, 0.5044627495317582, 1791403399093388856, 
0.19101238250732422, -0.06462788581848145, 0.49729654807394247, 1791403399123391989, 
-0.2292061448097229, -0.015961885452270508, 0.4887379043215458, 1791403399153430516, 
0.2950788736343384, -0.07371103763580322, 0.49140794719182507, 1791403399184660547, 
-0.21251070499420166, -0.15263664722442627, 0.4823565761092333, 1791403399215597605, 
-0.1324804425239563, 0.22370773553848267, 0.5548084325310376, 1791403399243539253, 
0.029022812843322754, -0.015196084976196289, 0.5231035826781153, 1791403399273478229, 
-0.24641239643096924, 0.09879893064498901, 0.5119960442858599, 1791403399303473174, 
0.19860893487930298, 0.0337945818901062, 0.5094108209894318, 1791403399333526880, 
-0.012183308601379395, -0.027408301830291748, 0.4964449608578767, 1791403399363606991, 
-0.01310640573501587, 0.0948718786239624, 0.4896019285658004, 1791403399393664019, 
-0.09105491638183594, -0.01411902904510498, 0.4648515879962481, 1791403399425038816, 
-0.22164863348007202, 0.0923280119895935, 0.47190255642543943, 1791403399456906402, 
-0.11117005348205566, 0.16382557153701782, 0.5668913417275697, 1791403399483831247, 
0.06444460153579712, -0.09532088041305542, 0.5340376498592152, 1791403399512799249, 
0.01976323127746582, 0.04503178596496582, 0.4870673884838627, 1791403399543918202, 
-0.19733160734176636, 0.0015621185302734375, 0.5111196955639941, 1791403399573946263, 
0.13905954360961914, 0.14324766397476196, 0.4854273666759929, 1791403399604305721, 
0.04775547981262207, -0.2445770502090454, 0.4894178597331998, 1791403399634146234, 
-0.5212911367416382, 0.06922847032546997, 0.49399655703259027, 1791403399664623167, 
0.18879032135009766, 0.29191654920578003, 0.4629014766004341, 1791403399696564323, 
0.1282200813293457, -0.019268512725830078, 0.5593586056640483, 1791403399724334523, 
-0.2944638729095459, 0.07166790962219238, 0.5120322128000501, 1791403399754193842, 
0.19542717933654785, -0.10136014223098755, 0.4983118104811784, 1791403399784282638, 
0.029088914394378662, 0.12743014097213745, 0.5042677749177269, 1791403399814370616, 
0.010327041149139404, -0.0035794973373413086, 0.494060749065336, 1791403399844371495, 
-0.14001452922821045, 0.11549800634384155, 0.5039214836493452, 1791403399874428791, 
0.11398732662200928, 0.13439112901687622, 0.4958905438516394, 1791403399903806764, 
-0.10188716650009155, -0.03208267688751221, 0.44628280075682936, 1791403399937065170, 
0.008391380310058594, 0.07504767179489136, 0.5230129624718488, 1791403399966632978, 
-0.15854871273040771, -0.020967602729797363, 0.5449215481251888, 1791403400004614352, 
0.32556068897247314, -0.11930584907531738, 0.5320482632165144, 1791403400034666417, 
-0.05238783359527588, -0.07932531833648682, 0.49859284550680916, 1791403400065027270, 
0.03993922472000122, 0.26217371225357056, 0.47702169495638985, 1791403400096664048, 
0.05762070417404175, 0.029531538486480713, 0.46041533571862964, 1791403400127149521, 
-0.13793140649795532, 0.03207886219024658, 0.5103333859646431, 1791403400154854305, 
0.07605981826782227, 0.08199983835220337, 0.5033413583798324, 1791403400184468651, 
-0.18602102994918823, -0.004450559616088867, 0.48937443546852, 1791403400215004612, 
-0.2203579545021057, 0.11672049760818481, 0.48512385811779357, 1791403400245054771, 
-0.2342168688774109, -0.11062532663345337, 0.4882316798479262, 1791403400275099573, 
0.2561323046684265, 0.09057801961898804, 0.5128793353713723, 1791403400305158157, 
-0.050692081451416016, 0.1976308822631836, 0.48774869047917285, 1791403400336669128, 
0.14923107624053955, 0.016527414321899414, 0.4807282903481036, 1791403400368630478, 
0.09709900617599487, 0.07816320657730103, 0.5187241333205743, 1791403400395327033, 
0.10895514488220215, -0.2418939471244812, 0.45961678500182146, 1791403400425301988, 
-0.1620337963104248, 0.1972983479499817, 0.47960540187186324, 1791403400455346345, 
-0.2493189573287964, 0.15276944637298584, 0.4840103720091256, 1791403400485411318, 
-0.16041046380996704, 0.048595964908599854, 0.5114611290166142, 1791403400515462263, 
0.10074830055236816, 0.025054991245269775, 0.5134820705789396, 1791403400545527695, 
-0.016186118125915527, -0.07302993535995483, 0.48792754206197264, 1791403400577341705, 
0.15597158670425415, 0.03286820650100708, 0.48215989643394697, 1791403400609733718, 
0.11476588249206543, -0.09051823616027832, 0.5568634743235383, 1791403400645706742, 
0.02273869514465332, 0.09332215785980225, 0.48270349099947935, 1791403400675752411, 
-0.0874401330947876, -0.011362075805664062, 0.4978568940534508, 1791403400704810010, 
-0.05986756086349487, 0.16026121377944946, 0.474826508230909, 1791403400736628364, 
-0.19747662544250488, 0.05218791961669922, 0.45872263840428623, 1791403400769080605, 
-0.10977298021316528, 0.004664421081542969, 0.5714906982941377, 1791403400796011338, 
0.21597319841384888, 0.03610968589782715, 0.5318224916612978, 1791403400824969643, 
-0.06883895397186279, -0.0878373384475708, 0.5074394159522996, 1791403400855997895, 
0.07652080059051514, 0.05723237991333008, 0.5236670807166747, 1791403400886039786, 
0.23086923360824585, 0.06540828943252563, 0.48189601051223097, 1791403400916147632, 
0.18729698657989502, 0.10194826126098633, 0.4915908985910035, 1791403400946147300, 
-0.11806029081344604, -0.042120933532714844, 0.48764250543871146, 1791403400976676040, 
0.020858287811279297, 0.02234441041946411, 0.4587758738465001, 1791403401008668600, 
0.036023080348968506, 0.09874331951141357, 0.5171289368076751, 1791403401036376911, 
-0.07297533750534058, -0.14671701192855835, 0.4830053422613376, 1791403401066393873, 
-0.06910532712936401, 0.002811431884765625, 0.5305374731697061, 1791403401096451844, 
-0.2614166736602783, -0.05698955059051514, 0.5358152843718984, 1791403401125813942, 
0.13941067457199097, 0.060037314891815186, 0.49889291901098193, 1791403401156639654, 
0.07196587324142456, -0.009626686573028564, 0.48720120591581856, 1791403401186637434, 
0.09093308448791504, 0.04419517517089844, 0.482313863593877, 1791403401217127126, 
-0.0723257064819336, 0.08549988269805908, 0.46353744555833276, 1791403401249043745, 
-0.1904737949371338, -0.09648042917251587, 0.5172455548348605, 1791403401276744174, 
-0.021073222160339355, 0.026928067207336426, 0.4917308267718864, 1791403401306758798, 
-0.14836055040359497, -0.05242890119552612, 0.5136170266342289, 1791403401335786707, 
-0.05035233497619629, 0.14497607946395874, 0.4989454426094013, 1791403401366945715, 
0.23435896635055542, 0.08314859867095947, 0.5273390599251221, 1791403401396875114, 
-0.11644852161407471, -0.06428420543670654, 0.511736220170254, 1791403401426930428, 
0.1195836067199707, 0.05354118347167969, 0.5031222739109167, 1791403401456995046, 
-0.014449477195739746, -0.06276172399520874, 0.47032592373959836, 1791403401489096334, 
-0.20009130239486694, 0.1923363208770752, 0.5004412265696769, 1791403401519211658, 
0.05856698751449585, -0.014667272567749023, 0.5160724858262935, 1791403401547191435, 
-0.02648019790649414, 0.02937948703765869, 0.48957647476503985, 1791403401577195656, 
-0.2962151765823364, -0.037031352519989014, 0.4994837666399759, 1791403401607253293, 
-0.21987169981002808, -0.02757406234741211, 0.5106311510677726, 1791403401637353473, 
0.18625998497009277, 0.12274295091629028, 0.5025009893925347, 1791403401667408891, 
-0.48708850145339966, -0.19530129432678223, 0.4874338571576556, 1791403401697429078, 
0.34534889459609985, 0.11478734016418457, 0.4676991743958654, 1791403401729212336, 
0.22104984521865845, 0.09509992599487305, 0.45996411531316245, 1791403401760974185, 
-0.3172569274902344, -0.07747375965118408, 0.5621647265540488, 1791403401787557411, 
-0.09608238935470581, 0.13275891542434692, 0.467091058823718, 1791403401817590850, 
-0.26197052001953125, 0.03326988220214844, 0.46472738095553895, 1791403401847610566, 
-0.02433544397354126, -0.0816645622253418, 0.49850492813585556, 1791403401877651421, 
-0.07387548685073853, -0.05708801746368408, 0.5182900581524549, 1791403401906824123, 
0.038941025733947754, 0.2580273151397705, 0.5095191613107791, 1791403401937771300, 
0.14418703317642212, 0.04248017072677612, 0.49915838087966863, 1791403401968911090, 
0.060110509395599365, -0.16964471340179443, 0.4705553666011673, 1791403402000863462, 
0.027011394500732422, 0.0521506667137146, 0.5548573251791935, 1791403402028054340, 
-0.07286465167999268, 0.029135525226593018, 0.49218308073261974, 1791403402058023991, 
-0.03552907705307007, 0.14240700006484985, 0.5277359491075195, 1791403402087050897, 
0.0035933852195739746, -0.04649853706359863, 0.47962919281217636, 1791403402118098760, 
-0.24606353044509888, 0.03648781776428223, 0.5061909413737727, 1791403402148138386, 
0.11213439702987671, 0.04165226221084595, 0.5232195321739043, 1791403402178190239, 
-0.14305752515792847, -0.04270416498184204, 0.5039750174097686, 1791403402208719684, 
0.31198930740356445, -0.0011882781982421875, 0.46360447493572293, 1791403402241514104, 
-0.026963114738464355, -0.02681487798690796, 0.5430532163263404, 1791403402268368378, 
-0.042085230350494385, 0.13543283939361572, 0.5013983680586223, 1791403402298347948, 
0.12395423650741577, 0.06809133291244507, 0.4943982514579222, 1791403402328440931, 
-0.057912349700927734, -0.07614123821258545, 0.493587055222206, 1791403402358501146, 
-0.44057631492614746, -0.028394699096679688, 0.5156203927413737, 1791403402388498640, 
-0.04832124710083008, 0.06652307510375977, 0.5257565784593274, 1791403402418576711, 
0.19095838069915771, 0.21626657247543335, 0.5099081821912977, 1791403402448746492, 
-0.08461076021194458, -0.12441045045852661, 0.46670799098831245, 1791403402481122895, 
0.2342900037765503, -0.013385355472564697, 0.5623448557877972, 1791403402507842510, 
0.012547016143798828, 0.19296181201934814, 0.4728363131873565, 1791403402538883347, 
-0.1771431565284729, -0.05242919921875, 0.5078303545498852, 1791403402567883081, 
-0.1407720446586609, 0.10526621341705322, 0.46617955165455366, 1791403402598959552, 
0.07943040132522583, 0.008532941341400146, 0.4874675522045172, 1791403402629028849, 
0.010152339935302734, 0.14411580562591553, 0.5195454455280506, 1791403402658047817, 
-0.16779708862304688, -0.04178774356842041, 0.4853737522453384, 1791403402689242655, 
0.07353943586349487, 0.0912124514579773, 0.48103814079252427, 1791403402721099799, 
0.10177344083786011, 0.035229265689849854, 0.49740313216519527, 1791403402751134424, 
-0.14365708827972412, -0.05076456069946289, 0.5373890919589731, 1791403402779238407, 
0.02719426155090332, 0.23458600044250488, 0.49373861932642976, 1791403402809189824, 
-0.208418071269989, -0.0991026759147644, 0.47576098465389133, 1791403402839265252, 
0.04089343547821045, 0.07643669843673706, 0.49022489101891137, 1791403402869315828, 
0.09700584411621094, 0.09512698650360107, 0.48077543399883405, 1791403402899364369, 
-0.22829538583755493, -0.0435672402381897, 0.496055022690306, 1791403402929427683, 
-0.2111632227897644, 0.2043052315711975, 0.46737067622123973, 1791403402960880591, 
-0.3486754894256592, 0.05518573522567749, 0.4653216219452189, 1791403402992898926, 
0.06539732217788696, -0.078743577003479, 0.5932525607156255, 1791403403019654712, 
-0.03430110216140747, -0.017647385597229004, 0.5227043529672363, 1791403403049617385, 
0.3556353449821472, 0.21805906295776367, 0.5149704509459967, 1791403403079680472, 
-0.07640492916107178, 0.04959660768508911, 0.4739383802806415, 1791403403109708846, 
0.051276445388793945, -0.0574454665184021, 0.5045233101763151, 1791403403138804703, 
-0.22900110483169556, 0.12315654754638672, 0.4727400711486327, 1791403403169859056, 
-0.5068358182907104, -0.029860734939575195, 0.4600181700335084, 1791403403201700120, 
0.0530889630317688, 0.16060835123062134, 0.4808232928090478, 1791403403232868334, 
0.14881080389022827, -0.10078060626983643, 0.5569178847358732, 1791403403259782973, 
0.1659940481185913, 0.004710078239440918, 0.5125604555800651, 1791403403290166491, 
-0.05754435062408447, 0.06126761436462402, 0.514185736471932, 1791403403320045664, 
-0.2141537070274353, -0.06979173421859741, 0.5028830500021731, 1791403403350122856, 
-0.22288405895233154, 0.23492693901062012, 0.5013173831161254, 1791403403380145626, 
0.078774094581604, -0.05086243152618408, 0.4759354663391803, 1791403403410507491, 
0.07666236162185669, 0.0062958598136901855, 0.48068207962135523, 1791403403441132871, 
0.030609428882598877, -0.021694183349609375, 0.46899599832407474, 1791403403472966755, 
-0.1610754132270813, 0.184501051902771, 0.5379092542871566, 1791403403500886761, 
-0.12392181158065796, 0.019886374473571777, 0.5050406332247359, 1791403403530423421, 
-0.15685993432998657, -0.22518306970596313, 0.5046690474229083, 1791403403560478623, 
0.10147130489349365, 0.20255887508392334, 0.5000373827447128, 1791403403590537168, 
0.04120504856109619, 0.044041991233825684, 0.4903586513409633, 1791403403620587556, 
-0.2276661992073059, 0.005988776683807373, 0.48991483202302516, 1791403403650626556, 
-0.07446956634521484, 0.07202231884002686, 0.47285351219864186, 1791403403680939627, 
-0.13647007942199707, 0.1027945876121521, 0.4483522370396304, 1791403403713856611, 
-0.42731088399887085, 0.0798909068107605, 0.5038608638579255, 1791403403742743705, 
-0.020133674144744873, -0.03125065565109253, 0.5490971142928063, 1791403403769771242, 
0.0780983567237854, 0.05927574634552002, 0.49783553783638324, 1791403403800813880, 
0.06486773490905762, 0.0037910938262939453, 0.5222365962370534, 1791403403830863096, 
-0.19103914499282837, 0.09651798009872437, 0.5162169589167886, 1791403403860955662, 
-0.11926889419555664, 0.1708088517189026, 0.48849187083077694, 1791403403890951539, 
-0.15252810716629028, -0.06785500049591064, 0.5004807098833183, 1791403403921045927, 
0.0459330677986145, 0.10204851627349854, 0.462153265277899, 1791403403952851933, 
-0.13952916860580444, -0.03107231855392456, 0.4693059308882882, 1791403403983690924, 
0.11176800727844238, -0.013363778591156006, 0.5507308921552931, 1791403404011268316, 
-0.0917237401008606, 0.12809252738952637, 0.5014979171070189, 1791403404041270846, 
-0.3077622652053833, 0.11063718795776367, 0.5345865073131271, 1791403404071292712, 
0.32792556285858154, 0.017887353897094727, 0.5270820859453924, 1791403404101349059, 
-0.033251821994781494, -0.031948864459991455, 0.5064457768539898, 1791403404131421130, 
0.07115519046783447, 0.04935699701309204, 0.49315413768637834, 1791403404161679353, 
0.01747262477874756, -0.0779263973236084, 0.4558143231740464, 1791403404192858722, 
0.13807523250579834, 0.10102057456970215, 0.4493457659911205, 1791403404225222446, 
-0.1295211911201477, 0.03782236576080322, 0.5456833021181484, 1791403404251711796, 
-0.09589451551437378, 0.08343333005905151, 0.49630697421079567, 1791403404281618615, 
-0.056215643882751465, 0.06330478191375732, 0.5063543719579936, 1791403404311668084, 
0.21901601552963257, -0.06974387168884277, 0.5137867070128762, 1791403404341707547, 
0.01512974500656128, 0.1459406018257141, 0.5226282209004486, 1791403404370798492, 
0.2412298321723938, -0.11090308427810669, 0.46444098902091707, 1791403404401863482, 
0.10413599014282227, 0.09481203556060791, 0.46111619130527487, 1791403404432974429, 
-0.03687852621078491, 0.025853097438812256, 0.45365490974054296, 1791403404464907953, 
-0.32852429151535034, 0.08976364135742188, 0.5510468097428181, 1791403404492028340, 
-0.24094140529632568, 0.21157395839691162, 0.49762313785844675, 1791403404522102752, 
-0.025883972644805908, -0.15873569250106812, 0.5157327100765996, 1791403404552214362, 
0.29094284772872925, 0.11773872375488281, 0.5497335883326431, 1791403404581146335, 
0.06991755962371826, -0.11080557107925415, 0.5049240773116347, 1791403404612269002, 
0.07478642463684082, 0.060640037059783936, 0.5053367591091646, 1791403404642239991, 
-0.21021300554275513, 0.10705065727233887, 0.4487341831021981, 1791403404673531208, 
0.017598330974578857, 0.09817773103713989, 0.4607505884819423, 1791403404705080249, 
-0.15539169311523438, 0.26482611894607544, 0.5299071162491732, 1791403404732447914, 
-0.03300929069519043, -0.23666894435882568, 0.5089560058373127, 1791403404762416357, 
0.08476638793945312, 0.0940406322479248, 0.5165748052962283, 1791403404792475931, 
-0.10818350315093994, 0.07764309644699097, 0.5036852327600218, 1791403404822527415, 
-0.07770681381225586, 0.08938312530517578, 0.5124944338377083, 1791403404852642182, 
-0.028700172901153564, 0.03059941530227661, 0.5021867756570473, 1791403404882632803, 
0.00048035383224487305, -0.08408010005950928, 0.4965111638995773, 1791403404913439477, 
0.07136785984039307, 0.23309040069580078, 0.4662144434628824, 1791403404945141806, 
-0.048896193504333496, -0.12326431274414062, 0.5127735666773741, 1791403404972827198, 
0.02279454469680786, 0.11951977014541626, 0.4953256550212941, 1791403405003406515, 
0.027109265327453613, 0.2657702565193176, 0.49027914329219263, 1791403405033388899, 
-0.40871649980545044, -0.007980167865753174, 0.5006281917702241, 1791403405063465211, 
0.17119592428207397, 0.06536155939102173, 0.5030947310574793, 1791403405093443003, 
0.20751214027404785, -0.19236677885055542, 0.49742141275179114, 1791403405123492362, 
-0.19372773170471191, 0.06113576889038086, 0.516340279671742, 1791403405153523031, 
0.255132794380188, 0.1232641339302063, 0.4646010107574031, 1791403405185271969, 
-0.26082199811935425, 0.16163671016693115, 0.5053794002422544, 1791403405214735191, 
0.05380856990814209, -0.08198815584182739, 0.5248895643961348, 1791403405243675392, 
-0.09666550159454346, 0.045133769512176514, 0.5022706018889023, 1791403405273502707, 
0.006635904312133789, 0.1389949917793274, 0.49977026856875184, 1791403405303548573, 
-0.026801109313964844, -0.19344985485076904, 0.49912231046711486, 1791403405333570408, 
-0.08955979347229004, 0.16568827629089355, 0.5079345036958337, 1791403405363636796, 
-0.07506990432739258, 0.1213916540145874, 0.5068280785638043, 1791403405393771400, 
-0.22563904523849487, 0.06280010938644409, 0.49214422672007646, 1791403405425320653, 
0.33430343866348267, 0.05607116222381592, 0.49059193988608496, 1791403405456132708, 
-0.1649491786956787, -0.11217135190963745, 0.5424589032889576, 1791403405483754295, 
0.09399229288101196, 0.11693811416625977, 0.4994382917438668, 1791403405513948697, 
-0.04266357421875, 0.16462689638137817, 0.4880155179173965, 1791403405543762169, 
-0.32703977823257446, 0.09476625919342041, 0.5056646439815564, 1791403405573751464, 
0.10526180267333984, 0.005254924297332764, 0.5161789823062244, 1791403405602800652, 
-0.28273528814315796, 0.08071428537368774, 0.4864213374011498, 1791403405633881180, 
0.1545535922050476, 0.12785065174102783, 0.4901678717673258, 1791403405664923056, 
-0.20002496242523193, -0.1553109884262085, 0.4756254852389362, 1791403405697317184, 
0.09329372644424438, 0.12175196409225464, 0.5616334190400898, 1791403405724131148, 
-0.09240543842315674, 0.12926065921783447, 0.5044772950046151, 1791403405754102485, 
-0.46515506505966187, 0.22362804412841797, 0.49213033631029307, 1791403405784211586, 
0.08095645904541016, 0.057837605476379395, 0.45900776361557105, 1791403405814337073, 
-0.17154330015182495, 0.0501093864440918, 0.5114346626697333, 1791403405843195791, 
0.16932135820388794, 0.036842286586761475, 0.48380012992088794, 1791403405874262053, 
-0.5238256454467773, -0.07185918092727661, 0.49246600532471274, 1791403405904888330, 
0.39310353994369507, 0.15039688348770142, 0.4785831165807066, 1791403405936834911, 
-0.2020508050918579, -0.06488347053527832, 0.5320087924163391, 1791403405964526327, 
0.16660428047180176, -0.010769248008728027, 0.5121334338220637, 1791403405994473518, 
0.1669250726699829, 0.1839679479598999, 0.48652554529409014, 1791403406024493614, 
-0.2872166633605957, 0.07921957969665527, 0.48913111237637835, 1791403406054555657, 
0.09566640853881836, 0.15437984466552734, 0.4869726880745469, 1791403406084597576, 
-0.16725248098373413, -0.09476011991500854, 0.4867236821262149, 1791403406114693407, 
0.09685808420181274, 0.008383214473724365, 0.4958332625822234, 1791403406145326049, 
-0.0579526424407959, -0.004387617111206055, 0.472241847425538, 1791403406177202946, 
-0.06681954860687256, 0.18343442678451538, 0.5660128514339601, 1791403406204873649, 
-0.23735326528549194, 0.20453166961669922, 0.49726995291997655, 1791403406234828690, 
-0.0082816481590271, -0.040014564990997314, 0.4939884261145109, 1791403406264868685, 
0.21642708778381348, 0.06872528791427612, 0.4927852848630869, 1791403406294976478, 
-0.25116974115371704, -0.05872678756713867, 0.4870561012883235, 1791403406324951113, 
0.19430160522460938, 0.09330660104751587, 0.5125813729064318, 1791403406355039129, 
-0.13438493013381958, -0.0032001733779907227, 0.4938607750889899, 1791403406385234658, 
-0.16214096546173096, 0.09369814395904541, 0.471508087348587, 1791403406416909310, 
0.03187251091003418, -0.027715682983398438, 0.49106071238608584, 1791403406447707543, 
-0.6607101559638977, -0.009016692638397217, 0.5629967736092791, 1791403406474253821, 
0.354714572429657, 0.15373963117599487, 0.489482797558552, 1791403406505291384, 
0.14093941450119019, -0.10413593053817749, 0.49399876589978037, 1791403406535340318, 
-0.04767364263534546, 0.07164353132247925, 0.493748192860508, 1791403406565434470, 
-0.16208654642105103, 0.1443922519683838, 0.4951698592837269, 1791403406595477515, 
-0.01963895559310913, 0.07223331928253174, 0.49409356276929484, 1791403406625512852, 
-0.21470850706100464, 0.11431801319122314, 0.4517952027466352, 1791403406658388016, 
-0.16637837886810303, -0.17615199089050293, 0.49582774541712793, 1791403406688934630, 
0.28189975023269653, 0.25563979148864746, 0.5592554568953798, 1791403406715673915, 
0.03312063217163086, -0.013874650001525879, 0.5070245378850035, 1791403406745630796, 
-0.1411018967628479, 0.05245411396026611, 0.5065073351705704, 1791403406775870038, 
0.05281496047973633, 0.14648014307022095, 0.4897108351942575, 1791403406805724793, 
-0.23135221004486084, 0.018514931201934814, 0.49845640192189167, 1791403406835822736, 
-0.1113014817237854, 0.18509656190872192, 0.4955036906312829, 1791403406865885071, 
-0.0435560941696167, -0.206589937210083, 0.4744041559073242, 1791403406897300024, 
-0.014782190322875977, 0.2172529101371765, 0.482733651805157, 1791403406929194059, 
0.19066661596298218, 0.09940159320831299, 0.557988670098636, 1791403406956138813, 
-0.30185943841934204, 0.02246415615081787, 0.5181212456996866, 1791403406986049843, 
0.0674893856048584, 0.06542569398880005, 0.5119189050355704, 1791403407016143470, 
-0.05330324172973633, -0.048753559589385986, 0.5019396635204754, 1791403407046162254, 
0.24656975269317627, 0.025584161281585693, 0.49517363132123154, 1791403407076212725, 
0.22343367338180542, 0.03943914175033569, 0.4828839796981591, 1791403407106254890, 
-0.06720685958862305, 0.07218855619430542, 0.5024326018762061, 1791403407135918885, 
-0.23875027894973755, 0.10418045520782471, 0.43720145330058185, 1791403407169425668, 
0.24396467208862305, 0.02704167366027832, 0.5596095572246332, 1791403407196488165, 
0.032399654388427734, 0.14936769008636475, 0.49402003341620354, 1791403407226436288, 
-0.10535252094268799, -0.0591699481010437, 0.48329419234588283, 1791403407256635825, 
0.14823096990585327, 0.026279091835021973, 0.5242928344498088, 1791403407286609968, 
-0.11096519231796265, -0.12768834829330444, 0.49713181252374644, 1791403407317142471, 
0.3953651785850525, 0.1871023178100586, 0.5115419364381815, 1791403407346761652, 
-0.07305902242660522, 0.07757067680358887, 0.4722908932100802, 1791403407377031154, 
-0.3777608275413513, 0.12136667966842651, 0.45041565677460926, 1791403407409174046, 
0.15076285600662231, 0.1592954397201538, 0.5448052577545601, 1791403407436947289, 
-0.3642774224281311, -0.13913649320602417, 0.49738829769645504, 1791403407466851637, 
0.26052719354629517, 0.14890164136886597, 0.4926534680116859, 1791403407496904686, 
0.03760892152786255, -0.09257495403289795, 0.48536732220613504, 1791403407527004604, 
0.07657146453857422, 0.11293023824691772, 0.49798605435358406, 1791403407557016557, 
0.03642076253890991, 0.2121301293373108, 0.4776207668199884, 1791403407587295047, 
-0.17143094539642334, -0.05972510576248169, 0.49714682965959484, 1791403407617369637, 
0.07987010478973389, 0.10787224769592285, 0.47451015605424374, 1791403407649150794, 
-0.06512254476547241, 0.0051313042640686035, 0.4885180957069214, 1791403407679483573, 
0.07240396738052368, 0.12669658660888672, 0.5242376805464883, 1791403407717522978, 
-0.3722960948944092, -0.11225897073745728, 0.515534864507557, 1791403407746459403, 
0.06364470720291138, 0.1728234887123108, 0.5104123073624617, 1791403407777393675, 
0.12582272291183472, 0.09701907634735107, 0.48282250607479976, 1791403407809533934, 
-0.473413348197937, 0.05451476573944092, 0.4991918062795826, 1791403407839994738, 
0.19174206256866455, 0.04406958818435669, 0.5472480952894225, 1791403407867571235, 
-0.2229136824607849, -0.010096490383148193, 0.49613406494243667, 1791403407897555056, 
0.04535943269729614, 0.11825317144393921, 0.4896459511593313, 1791403407927629722, 
-0.21015632152557373, -0.055284976959228516, 0.48926473280417077, 1791403407957667080, 
-0.03914356231689453, 0.09364134073257446, 0.5082006072000501, 1791403407987722647, 
-0.003920793533325195, 0.1840941309928894, 0.504326198892838, 1791403408016815470, 
-0.17994481325149536, -0.00322037935256958, 0.4754859625055858, 1791403408049007308, 
0.023529529571533203, 0.06590622663497925, 0.47283189834764056, 1791403408081292614, 
0.05817133188247681, -0.13208681344985962, 0.5720104640857476, 1791403408107914608, 
0.21949982643127441, 0.09700590372085571, 0.4983143676984669, 1791403408137934321, 
-0.04995757341384888, 0.13214975595474243, 0.46796564026579596, 1791403408168032570, 
-0.0283966064453125, 0.1132657527923584, 0.5020430643648781, 1791403408198021868, 
-0.06042468547821045, 0.14074593782424927, 0.49196510512677605, 1791403408228064151, 
-0.12536031007766724, -0.11201918125152588, 0.4883066276023217, 1791403408258138550, 
-0.09463447332382202, 0.06959837675094604, 0.486645123630591, 1791403408289273922, 
0.08138060569763184, 0.036261022090911865, 0.46728030159221096, 1791403408321757465, 
-0.0897558331489563, 0.20960187911987305, 0.6076358048209266, 1791403408347410771, 
0.07396596670150757, -0.0007621645927429199, 0.5019672956887333, 1791403408377351492, 
-0.1307876706123352, -0.01294410228729248, 0.4828128570744791, 1791403408408437226, 
-0.16550320386886597, 0.13686800003051758, 0.4988686375793074, 1791403408438436928, 
-0.1096872091293335, -0.09392809867858887, 0.4833734687872511, 1791403408468510578, 
0.20589107275009155, 0.04385620355606079, 0.49869548729482605, 1791403408498562493, 
-0.40844428539276123, 0.18175065517425537, 0.4842559108088727, 1791403408529326461, 
-0.00636523962020874, 0.13112801313400269, 0.4767301865018822, 1791403408561349727, 
-0.0126686692237854, 0.02853405475616455, 0.5635812447574897, 1791403408588745593, 
-0.2246760129928589, -0.13798654079437256, 0.5211164354017773, 1791403408618718624, 
0.05490612983703613, 0.22452449798583984, 0.4959811710043098, 1791403408648829670, 
0.02428644895553589, -0.07476067543029785, 0.5029321527118379, 1791403408677857511, 
0.09540188312530518, 0.059746742248535156, 0.4781325116403698, 1791403408708934382, 
-0.0942009687423706, 0.10151010751724243, 0.4915404471262764, 1791403408739013605, 
-0.11398857831954956, 0.15703999996185303, 0.496584700390449, 1791403408769556876, 
0.1586882472038269, 0.10016298294067383, 0.4660802188366932, 1791403408801278150, 
-0.17654812335968018, -0.02102971076965332, 0.5387948032848571, 1791403408829341792, 
0.08170878887176514, 0.12360095977783203, 0.49675890203031603, 1791403408859395960, 
-0.10778748989105225, -0.15136754512786865, 0.5042500085320075, 1791403408889189049, 
0.10785877704620361, 0.15506070852279663, 0.4840843743036431, 1791403408919246619, 
-0.13867706060409546, 0.027841031551361084, 0.4654960859325521, 1791403408949331132, 
0.09884119033813477, 0.1263607144355774, 0.4997860145904233, 1791403408979329074, 
0.043781936168670654, 0.17009854316711426, 0.4825210905584806, 1791403409009405786, 
-0.031206071376800537, -0.05610734224319458, 0.4725120167387454, 1791403409041188577, 
0.11680746078491211, 0.08921104669570923, 0.49794441288132074, 1791403409071949999, 
0.04939544200897217, 0.0373263955116272, 0.5219983496192194, 1791403409099592124, 
0.04205280542373657, 0.0603979229927063, 0.508591439300783, 1791403409129576971, 
0.24160748720169067, 0.04235011339187622, 0.4418645983969112, 1791403409152517581, 
-0.06415575742721558, 0.012562274932861328, 0.546790899137528, 1791403409180471305, 
-0.23192662000656128, 0.08839637041091919, 0.5294726069420732, 1791403409209721096, 
0.27378255128860474, 0.022098958492279053, 0.4836878704763145, 1791403409239759178, 
-0.012044668197631836, 0.1709691286087036, 0.49234696585907495, 1791403409269822473, 
-0.018528282642364502, 0.012726068496704102, 0.4973379091771412, 1791403409299838749, 
-0.2971504330635071, 0.10266268253326416, 0.49729583675983063, 1791403409329925975, 
0.09398400783538818, 0.02084803581237793, 0.48329738917225556, 1791403409361287300, 
-0.28732597827911377, -0.09410214424133301, 0.47155260577014785, 1791403409393297550, 
0.13397860527038574, 0.12916117906570435, 0.5840105214913501, 1791403409420124311, 
0.1606614589691162, 0.10139596462249756, 0.5119142880175707, 1791403409450148374, 
0.18319576978683472, 0.029074490070343018, 0.5133693309133515, 1791403409480139645, 
0.021523654460906982, 0.007682859897613525, 0.49513682310575324, 1791403409510204245, 
-0.21506839990615845, 0.014296293258666992, 0.48943235332675494, 1791403409540217874, 
0.02502506971359253, 0.19540363550186157, 0.4858561911667646, 1791403409570297615, 
-0.04702991247177124, -0.12665969133377075, 0.4638570326850189, 1791403409601713702, 
-0.21209990978240967, 0.024644196033477783, 0.4815319840898287, 1791403409632098014, 
0.016382694244384766, 0.053368330001831055, 0.5267665854294974, 1791403409660559439, 
-0.06172674894332886, 0.08970516920089722, 0.522898561058435, 1791403409690480456, 
0.18292438983917236, 0.04127615690231323, 0.5057496633651438, 1791403409720554798, 
-0.008172750473022461, -0.11331284046173096, 0.4937433934643187, 1791403409750595492, 
0.011292695999145508, 0.1749809980392456, 0.4844472523536789, 1791403409780641434, 
0.07164108753204346, -0.16946738958358765, 0.4874662563281934, 1791403409810711856, 
0.050831139087677, 0.18803071975708008, 0.47752467658049125, 1791403409841429459, 
0.12736839056015015, 0.013657152652740479, 0.4503461562046839, 1791403409873633272, 
-0.733878493309021, -0.020880281925201416, 0.5437487354905024, 1791403409900934140, 
0.6194539070129395, 0.24948346614837646, 0.501120391142223, 1791403409930889866, 
-0.3132074475288391, -0.1596609354019165, 0.5209705825774867, 1791403409960934806, 
0.4716331362724304, -0.00035685300827026367, 0.5184125549685612, 1791403409990970888, 
0.06490856409072876, 0.163030207157135, 0.5016864504886426, 1791403410021005640, 
-0.04370647668838501, 0.05828714370727539, 0.5124986520473321, 1791403410051096379, 
0.05780297517776489, 0.13325124979019165, 0.4734741913851308, 1791403410081346079, 
-0.19355428218841553, 0.13396310806274414, 0.4526971683221704, 1791403410113678746, 
0.20643967390060425, 0.12324649095535278, 0.5079830986374464, 1791403410143261551, 
-0.1357640027999878, -0.2566278576850891, 0.532346157919363, 1791403410171295602, 
-0.003181755542755127, 0.08264684677124023, 0.5033887008288839, 1791403410201319990, 
-0.14618122577667236, 0.10029387474060059, 0.4970419167831942, 1791403410231389828, 
0.1462206244468689, 0.15362107753753662, 0.5115525998015747, 1791403410261517830, 
-0.10378867387771606, 0.10396814346313477, 0.5008335158952981, 1791403410291578009, 
-0.14805996417999268, 0.10437721014022827, 0.48274381936846555, 1791403410321856717, 
0.23260533809661865, 0.0754135251045227, 0.45345928680907294, 1791403410353172838, 
-0.17998051643371582, 0.028086602687835693, 0.4658676767711931, 1791403410383952274, 
0.045944035053253174, 0.09652453660964966, 0.5647174896322454, 1791403410410784644, 
0.04221665859222412, -0.12953710556030273, 0.4813384325136174, 1791403410441731897, 
-0.19092756509780884, 0.2319319248199463, 0.528403408808264, 1791403410470790962, 
0.1463797688484192, 0.18000727891921997, 0.5138635212219823, 1791403410500803151, 
-0.18308401107788086, -0.15435421466827393, 0.4728928602033422, 1791403410531890711, 
0.33130961656570435, 0.10677903890609741, 0.4953982408081279, 1791403410562046073, 
0.3862054944038391, -0.11781346797943115, 0.45882092764239085, 1791403410593562877, 
-0.2919548749923706, 0.17256462574005127, 0.44704006197933893, 1791403410626445053, 
-0.044937849044799805, 0.070071280002594, 0.5869637312731448, 1791403410652150543, 
-0.1345200538635254, 0.172626793384552, 0.4992075460434584, 1791403410682077455, 
-0.05768197774887085, -0.048810362815856934, 0.5023581503448368, 1791403410712209572, 
0.042910635471343994, -0.13289278745651245, 0.5175851688794835, 1791403410742259869, 
0.29382646083831787, 0.2174585461616516, 0.5120607626398874, 1791403410772305237, 
-0.0013009309768676758, -0.1189165711402893, 0.4957089300510512, 1791403410802344606, 
-0.05458146333694458, 0.05831754207611084, 0.48520647067967587, 1791403410833472955, 
0.07281714677810669, 0.16731584072113037, 0.46315922199581466, 1791403410865185857, 
-0.22142183780670166, 0.036460816860198975, 0.5461688373422098, 1791403410892540464, 
0.08690834045410156, 0.10806882381439209, 0.5066013608238228, 1791403410922544284, 
0.04116445779800415, -0.1028662919998169, 0.5077012805544068, 1791403410952588425, 
-0.03266763687133789, 0.0892636775970459, 0.49535484131617524, 1791403410982596005, 
0.11974751949310303, 0.13406133651733398, 0.4895261588303236, 1791403411012670647, 
-0.19327449798583984, 0.12896418571472168, 0.5365741085759886, 1791403411041780405, 
0.06712830066680908, 0.083157479763031, 0.47142465746440476, 1791403411073718290, 
0.050058960914611816, -0.10266947746276855, 0.46713390180663195, 1791403411105473130, 
0.12123090028762817, 0.08607792854309082, 0.5425941870977812, 1791403411133013442, 
-0.21574252843856812, 0.05583608150482178, 0.48851557369189413, 1791403411162988723, 
-0.22023224830627441, 0.1875220537185669, 0.4953990658360031, 1791403411192995256, 
-0.029472172260284424, 0.09033840894699097, 0.49303854312544887, 1791403411222820007, 
-0.23703265190124512, 0.09923946857452393, 0.4855503644853108, 1791403411253698365, 
0.06725651025772095, -0.07489722967147827, 0.5110448639123281, 1791403411283664878, 
-0.3256051540374756, -0.055086374282836914, 0.5086679889836273, 1791403411313745526, 
0.48438888788223267, 0.089488685131073, 0.4852877414447133, 1791403411345193971, 
-0.2098413109779358, -0.05062830448150635, 0.4792290417540043, 1791403411375148601, 
-0.22939527034759521, 0.11267495155334473, 0.5355985462988527, 1791403411403818747, 
0.017064452171325684, 0.196802020072937, 0.51944473513513, 1791403411432789057, 
-0.11858570575714111, -0.1686144471168518, 0.4941500490417841, 1791403411462773962, 
0.022081613540649414, 0.08793771266937256, 0.5092879936128492, 1791403411492774398, 
-0.045867323875427246, -0.009073913097381592, 0.48608518350602736, 1791403411523818368, 
-0.05415838956832886, 0.07829821109771729, 0.5146408404176546, 1791403411553875966, 
-0.006357014179229736, 0.008116185665130615, 0.4793842616969892, 1791403411585887075, 
0.12803596258163452, 0.06504219770431519, 0.5056288069553322, 1791403411616073248, 
0.14669305086135864, 0.1817377805709839, 0.5179228796143941, 1791403411643910863, 
-0.23811626434326172, -0.21820825338363647, 0.492081426932753, 1791403411673960451, 
0.012494385242462158, 0.22661620378494263, 0.4825874020567896, 1791403411703994410, 
-0.176832377910614, -0.05345797538757324, 0.4910011246817592, 1791403411734030693, 
-0.07979315519332886, 0.14153015613555908, 0.48591642008225355, 1791403411764006301, 
-0.0708722472190857, 0.038342833518981934, 0.48449644191878144, 1791403411794180880, 
0.02250981330871582, 0.05342775583267212, 0.5047219686663661, 1791403411825192129, 
0.07449203729629517, 0.08520609140396118, 0.47216869074571716, 1791403411857210637, 
0.07366400957107544, -0.09402859210968018, 0.5604246315798077, 1791403411884484089, 
0.09907370805740356, 0.009552955627441406, 0.523099741218664, 1791403411914230415, 
-0.278323769569397, -0.049565911293029785, 0.481182329126601, 1791403411944294844, 
0.4152594804763794, 0.2255961298942566, 0.4822651377240853, 1791403411974255106, 
0.022711455821990967, -0.037066876888275146, 0.479538031271252, 1791403412004256669, 
-0.20604848861694336, 0.04823172092437744, 0.4845927700145336, 1791403412034339279, 
-0.005486845970153809, 0.17176908254623413, 0.48315468969115455, 1791403412065192749, 
0.10506027936935425, -0.01830768585205078, 0.4822293937483604, 1791403412097578682, 
-0.015237212181091309, 0.012845098972320557, 0.5773374013447924, 1791403412124633802, 
0.23364990949630737, -0.07342052459716797, 0.5200410598389801, 1791403412153524104, 
0.15606337785720825, 0.18441402912139893, 0.4866665044268668, 1791403412184567396, 
-0.03014552593231201, 0.13193035125732422, 0.4774032702168345, 1791403412214667116, 
-0.12220436334609985, 0.03574460744857788, 0.49715285526763386, 1791403412244707058, 
-0.06679260730743408, 0.03629028797149658, 0.5046347385857315, 1791403412274836200, 
-0.05674314498901367, -0.036763012409210205, 0.4880858380013088, 1791403412305224712, 
0.08584725856781006, 0.03288954496383667, 0.4846062151991843, 1791403412337739841, 
-0.029362201690673828, 0.008199989795684814, 0.5615649205181554, 1791403412364996639, 
0.0275571346282959, 0.09978413581848145, 0.5004133227297072, 1791403412394904104, 
0.2513399124145508, 0.0015541911125183105, 0.49488002264888625, 1791403412424962853, 
-0.10476034879684448, 0.008227169513702393, 0.48787840402825855, 1791403412455007563, 
-0.02785360813140869, 0.08719795942306519, 0.5041910615152312, 1791403412485047255, 
0.20005935430526733, -0.05252903699874878, 0.48735737452483413, 1791403412515113709, 
0.17241370677947998, 0.10253381729125977, 0.48047831433967186, 1791403412545645188, 
-0.004688739776611328, -0.04553210735321045, 0.4626666617201586, 1791403412577555138, 
-0.08007019758224487, 0.12265706062316895, 0.5175264138660722, 1791403412607328271, 
0.0873110294342041, 0.055630385875701904, 0.558533223329577, 1791403412635299992, 
0.06808280944824219, -0.1004035472869873, 0.5192786478759106, 1791403412665428449, 
0.20817852020263672, 0.1070449948310852, 0.525573877968109, 1791403412695399938, 
0.07233577966690063, -0.02047288417816162, 0.4892715917444123, 1791403412725486910, 
0.1717950701713562, 0.09026837348937988, 0.4938257334931958, 1791403412755504045, 
0.19719922542572021, 0.12335902452468872, 0.47270877258359467, 1791403412785611431, 
-0.2011725902557373, -0.06877964735031128, 0.46796350606197945, 1791403412817217362, 
-0.11504727602005005, 0.04029345512390137, 0.48671884897519124, 1791403412848326187, 
-0.034463465213775635, -0.027489900588989258, 0.5844650364393497, 1791403412874793018, 
0.2149655818939209, 0.19733810424804688, 0.49800599149089164, 1791403412905758949, 
-0.009553313255310059, -0.06380951404571533, 0.5046625286586331, 1791403412934794609, 
0.14289551973342896, -0.01646953821182251, 0.48145546432628644, 1791403412965866346, 
0.035523951053619385, 0.19483977556228638, 0.4900449614400128, 1791403412995904173, 
-0.3040701150894165, -0.1337747573852539, 0.49582491893687486, 1791403413026004223, 
0.1606503129005432, 0.16766411066055298, 0.44412679695898566, 1791403413057655560, 
-0.03345656394958496, -0.09962362051010132, 0.455394967999989, 1791403413089215355, 
-0.031158089637756348, 0.06034737825393677, 0.5656448691590574, 1791403413116197392, 
-0.0539395809173584, 0.19952231645584106, 0.5184704015076387, 1791403413146180089, 
-0.002108454704284668, -0.03990870714187622, 0.5294329180316949, 1791403413176212685, 
0.03578609228134155, 0.1400691270828247, 0.4812325512399839, 1791403413206262446, 
0.19379031658172607, -0.12988871335983276, 0.4901942927589313, 1791403413236306447, 
0.199682354927063, 0.10249024629592896, 0.49286067260786054, 1791403413266398382, 
0.16357958316802979, 0.006737112998962402, 0.4546070230124837, 1791403413297241070, 
0.07128322124481201, 0.11082804203033447, 0.4587179212706446, 1791403413329194293, 
-0.07536506652832031, 0.08855617046356201, 0.5315867633769343, 1791403413356585447, 
-0.08673781156539917, 0.013471007347106934, 0.4923784623401081, 1791403413386843960, 
-0.23761093616485596, 0.04093223810195923, 0.5118569808210812, 1791403413416619062, 
-0.23230111598968506, 0.01940631866455078, 0.5102572525996023, 1791403413446628395, 
0.21456801891326904, 0.059486567974090576, 0.5253277688084427, 1791403413476651162, 
0.06095004081726074, -0.12106847763061523, 0.5024547881087028, 1791403413507018337, 
0.18267232179641724, 0.09006017446517944, 0.4921793128140893, 1791403413537262638, 
-0.04054391384124756, 0.002661287784576416, 0.4323919959625159, 1791403413569968475, 
-0.15192145109176636, 0.012295186519622803, 0.5250258651014166, 1791403413596957035, 
-0.17545068264007568, 0.148603618144989, 0.47974919298301655, 1791403413626978837, 
-0.06311953067779541, -0.005307614803314209, 0.4878708532805766, 1791403413656978682, 
-0.06255483627319336, 0.026448845863342285, 0.5130459444769353, 1791403413687069198, 
0.10415655374526978, -0.037991225719451904, 0.5145306382743666, 1791403413717135985, 
-0.037199318408966064, 0.14212560653686523, 0.5223796274567847, 1791403413747158963, 
-0.07115596532821655, -0.01278775930404663, 0.5274779031342627, 1791403413777213636, 
-0.15295618772506714, -0.03725719451904297, 0.46725022179798203, 1791403413809370207, 
-0.05613827705383301, 0.11468595266342163, 0.5163789829860994, 1791403413837340066, 
0.09995883703231812, -0.11522746086120605, 0.48840114843897525, 1791403413867439334, 
-0.3446316719055176, 0.10861557722091675, 0.490711405724643, 1791403413897354798, 
0.09889078140258789, 0.05599886178970337, 0.4820783499316769, 1791403413927760631, 
-0.10449731349945068, 0.04301643371582031, 0.5152670691154829, 1791403413957452362, 
-0.4920497536659241, 0.052328288555145264, 0.5098366176764979, 1791403413987516284, 
0.13254565000534058, -0.04533904790878296, 0.5220925775673476, 1791403414018102451, 
0.1486939787864685, 0.1651429533958435, 0.508577895585804, 1791403414049346279, 
0.10060793161392212, -0.22421163320541382, 0.47981731491833174, 1791403414080855855, 
-0.14426910877227783, 0.027895092964172363, 0.5592983676519011, 1791403414107757460, 
0.10384225845336914, 0.11842763423919678, 0.479720187045201, 1791403414137758198, 
-0.4115142822265625, 0.02801614999771118, 0.49024469341597043, 1791403414167852513, 
-0.0425645112991333, 0.036212921142578125, 0.49412987207237397, 1791403414197879623, 
0.02132493257522583, -0.06189781427383423, 0.4990214302893075, 1791403414227953871, 
0.15846949815750122, 0.00998622179031372, 0.523219079237144, 1791403414258148868, 
0.015757381916046143, 0.03679490089416504, 0.49676831297310975, 1791403414289297596, 
-0.13441485166549683, 0.08663547039031982, 0.4795568881080875, 1791403414321329686, 
0.09694111347198486, 0.10738348960876465, 0.5298431510289875, 1791403414348133628, 
-0.10985159873962402, -0.01659327745437622, 0.4746264287530977, 1791403414378164022, 
-0.010554015636444092, 0.03045809268951416, 0.48407223190982457, 1791403414408201175, 
-0.25191056728363037, -0.08354246616363525, 0.4776949511753365, 1791403414438256167, 
0.21524101495742798, 0.02072244882583618, 0.47933204075730795, 1791403414468690922, 
-0.19448506832122803, 0.010406315326690674, 0.49092031899655036, 1791403414498397693, 
-0.12746214866638184, 0.10214889049530029, 0.5076298242477354, 1791403414528842562, 
-0.006554961204528809, 0.18096059560775757, 0.48418440820614383, 1791403414561474086, 
-0.08300113677978516, -0.20755809545516968, 0.5664783873707477, 1791403414588561355, 
0.3769119381904602, 0.03322267532348633, 0.4838060296055211, 1791403414618592097, 
0.07999962568283081, -0.1531572937965393, 0.487795315781728, 1791403414647693681, 
-0.47114133834838867, 0.15791773796081543, 0.4701049884783743, 1791403414678660248, 
0.26206308603286743, 0.22294402122497559, 0.48599284807226795, 1791403414708752438, 
-0.3241425156593323, -0.05858486890792847, 0.5275235537037526, 1791403414737859681, 
-0.024267375469207764, 0.01875746250152588, 0.5062398322374327, 1791403414769323688, 
-0.019503653049468994, -0.06548750400543213, 0.5024071869471898, 1791403414800791419, 
0.3311138153076172, 0.10385823249816895, 0.5537397228528305, 1791403414829004153, 
0.029432237148284912, -0.03941446542739868, 0.5080882323157454, 1791403414858980620, 
-0.05743420124053955, 0.08219105005264282, 0.4979668959875149, 1791403414889106889, 
-0.008731842041015625, 0.1454668641090393, 0.49031815987311184, 1791403414919129440, 
-0.15133166313171387, 0.10889732837677002, 0.49445315364731046, 1791403414949277946, 
-0.18777424097061157, 0.04843026399612427, 0.48633967555296936, 1791403414979285467, 
0.00553816556930542, -0.08413463830947876, 0.49741347064424024, 1791403415009319728, 
0.03391832113265991, 0.11515122652053833, 0.47092606089682704, 1791403415041897519, 
-0.0586358904838562, -0.08747297525405884, 0.5505569893128799, 1791403415069410976, 
0.24035269021987915, 0.09967297315597534, 0.508700479881212, 1791403415099384513, 
-0.05389261245727539, 0.06701338291168213, 0.47991531470939247, 1791403415129441137, 
-0.13976627588272095, -0.054090261459350586, 0.48086471771380906, 1791403415159448073, 
-0.15808045864105225, 0.0938459038734436, 0.48713306425767006, 1791403415189537539, 
0.05129331350326538, 0.04024726152420044, 0.48635148584757415, 1791403415219567745, 
-0.13349437713623047, 0.1853543519973755, 0.4908579978106978, 1791403415249682536, 
0.01758676767349243, -0.07379746437072754, 0.46658541059393516, 1791403415281694998, 
-0.2137742042541504, 0.037063658237457275, 0.5168904502486616, 1791403415312220644, 
0.08510661125183105, 0.30925023555755615, 0.5663428403847929, 1791403415339827374, 
0.14743036031723022, -0.08227783441543579, 0.5262647855599695, 1791403415368790664, 
-0.32548725605010986, -0.10038655996322632, 0.48502685157581954, 1791403415399820067, 
0.0836331844329834, -0.026925325393676758, 0.4902060790582298, 1791403415429884075, 
-0.17820143699645996, 0.3002464175224304, 0.5068049599156845, 1791403415459918754, 
-0.025012850761413574, -0.005517184734344482, 0.4879260072847742, 1791403415490025510, 
-0.11392909288406372, 0.005045711994171143, 0.46001314047403463, 1791403415521844486, 
0.05977761745452881, 0.02262359857559204, 0.4769692903916012, 1791403415553865156, 
-0.3595460057258606, -0.10037446022033691, 0.5865852253046824, 1791403415580211600, 
-0.04634660482406616, 0.08693766593933105, 0.5213323148793829, 1791403415610191754, 
0.14979416131973267, 0.11405080556869507, 0.416491092778861, 1791403415634380977, 
-0.011247515678405762, 0.10787087678909302, 0.5519331240419694, 1791403415670303171, 
0.09078419208526611, 0.05007731914520264, 0.4996634618272969, 1791403415700337266, 
-0.20934796333312988, 0.007372438907623291, 0.49357853372345634, 1791403415730400485, 
0.01972275972366333, 0.13118529319763184, 0.46391917847786857, 1791403415761505090, 
-0.1309969425201416, -0.08333897590637207, 0.4470928855851396, 1791403415793710208, 
-0.07755869626998901, -0.011011660099029541, 0.5705861006797837, 1791403415820572022, 
-0.11826461553573608, 0.010381937026977539, 0.5239460485852129, 1791403415850555243, 
0.0126495361328125, 0.15194982290267944, 0.5149878297956546, 1791403415880616225, 
0.10294902324676514, 0.01970738172531128, 0.4900964031760102, 1791403415909667158, 
-0.4401546120643616, -0.2752304673194885, 0.4668895247910587, 1791403415940767545, 
0.017246007919311523, 0.2564091086387634, 0.5036559606560204, 1791403415969774920, 
-0.08023762702941895, 0.00045222043991088867, 0.45390741979775584, 1791403416002020010, 
-0.22309458255767822, 0.13436323404312134, 0.4729542839926368, 1791403416032776272, 
-0.02516573667526245, -0.15253067016601562, 0.5121012095550106, 1791403416061034409, 
-0.3641732931137085, -0.04238724708557129, 0.5216051981370966, 1791403416090989028, 
0.2919232249259949, 0.22208166122436523, 0.5125267387018771, 1791403416121036764, 
-0.1911659836769104, -0.1674509048461914, 0.508391411208948, 1791403416151094094, 
0.009167850017547607, -0.009599149227142334, 0.5060504669320391, 1791403416181138262, 
0.11099874973297119, 0.06583702564239502, 0.4908739215218957, 1791403416211171459, 
-0.1336631178855896, 0.12602901458740234, 0.4865130548502627, 1791403416241480067, 
0.03915512561798096, 0.11227548122406006, 0.44354161743918646, 1791403416273414740, 
-0.30593228340148926, -0.07003742456436157, 0.528266923687637, 1791403416301373539, 
-0.05480766296386719, -0.008663058280944824, 0.5035192794082454, 1791403416331367960, 
-0.15000146627426147, 0.034004032611846924, 0.5086992658791206, 1791403416361406309, 
0.05936133861541748, 0.09237194061279297, 0.5359331796420453, 1791403416391497920, 
-0.07756280899047852, -0.0007799863815307617, 0.5075507904752309, 1791403416421540088, 
0.08345717191696167, -0.006523311138153076, 0.4984129800027944, 1791403416451865071, 
-0.04371362924575806, 0.03708541393280029, 0.4854326460606744, 1791403416481978332, 
-0.1073879599571228, 0.117023766040802, 0.44992996723686135, 1791403416514020126, 
-0.08564621210098267, 0.13982176780700684, 0.47268125964586555, 1791403416544445639, 
-0.10632652044296265, -0.11588335037231445, 0.5245205203476959, 1791403416571844253, 
-0.05039137601852417, 0.12414127588272095, 0.511430963265254, 1791403416601855140, 
0.22753316164016724, 0.014800608158111572, 0.5326903106803182, 1791403416631903569, 
-0.04256504774093628, 0.07784509658813477, 0.519828179349869, 1791403416661909858, 
0.10766047239303589, -0.03712588548660278, 0.504228011246326, 1791403416691978593, 
0.173586905002594, -0.09151977300643921, 0.4950233695431682, 1791403416722231267, 
0.1553044319152832, 0.1974165439605713, 0.47225824184053206, 1791403416753470176, 
-0.18085229396820068, -0.04862254858016968, 0.4508820413064056, 1791403416785592141, 
0.08525240421295166, 0.15950334072113037, 0.5581060273645679, 1791403416812194917, 
0.16263484954833984, -0.043126583099365234, 0.4949070505350958, 1791403416842199185, 
-0.14385348558425903, 0.11478948593139648, 0.504045250033501, 1791403416872259043, 
0.06419110298156738, 0.17585062980651855, 0.5176203184567926, 1791403416902309194, 
-0.17087435722351074, -0.07071530818939209, 0.5072638427755761, 1791403416932376697, 
0.21749883890151978, 0.05961942672729492, 0.5012260285844663, 1791403416962465509, 
0.10605674982070923, -0.0935748815536499, 0.4747849135215575, 1791403416994041843, 
-0.06364953517913818, 0.21019721031188965, 0.47139644623499677, 1791403417025856467, 
0.007548093795776367, 0.0783381462097168, 0.548346768453427, 1791403417052654134, 
-0.15578585863113403, 0.028729796409606934, 0.5017060558551537, 1791403417082600100, 
-0.23179906606674194, 0.09825485944747925, 0.5103518769566378, 1791403417111810296, 
-0.15021580457687378, -0.08574873208999634, 0.4948617655669345, 1791403417142709239, 
-0.0029061436653137207, 0.251308798789978, 0.5153797914349321, 1791403417172766725, 
0.13677442073822021, -0.018046259880065918, 0.5194413714745502, 1791403417201780746, 
0.13719195127487183, -0.009353101253509521, 0.4913572825036671, 1791403417233515054, 
0.005772769451141357, 0.08203715085983276, 0.4565199428281302, 1791403417266365173, 
-0.3543813228607178, 0.10518676042556763, 0.5628033679768082, 1791403417293053038, 
0.15183401107788086, 0.1909305453300476, 0.4811013632963236, 1791403417323010172, 
-0.18953293561935425, -0.2213115692138672, 0.47125178766018727, 1791403417353033641, 
0.29117220640182495, 0.1617777943611145, 0.5038611389992362, 1791403417383103555, 
0.11356723308563232, -0.021838068962097168, 0.507805757851652, 1791403417413191928, 
-0.48947298526763916, 0.08020168542861938, 0.5064744075695273, 1791403417443349640, 
0.16274267435073853, 0.02317357063293457, 0.4756398134219492, 1791403417474254050, 
-0.02754688262939453, -0.08218729496002197, 0.47127350820113384, 1791403417505404253, 
0.11822813749313354, 0.13002461194992065, 0.5380017866196036, 1791403417533457841, 
0.14534062147140503, -0.03316318988800049, 0.4784379922748668, 1791403417564040106, 
0.06886202096939087, 0.1688116192817688, 0.5036788469242517, 1791403417594010273, 
-0.11315840482711792, 0.03725224733352661, 0.4998707887093693, 1791403417624123398, 
-0.3412662744522095, 0.05986219644546509, 0.5026279098867881, 1791403417654056326, 
0.06345313787460327, 0.011938214302062988, 0.4989818532022515, 1791403417684114028, 
-0.23160773515701294, -0.11268621683120728, 0.49891074480751785, 1791403417714124616, 
0.362792432308197, 0.18973374366760254, 0.48964553947469897, 1791403417745828586, 
0.13551944494247437, 0.16163212060928345, 0.4927586891995191, 1791403417776210571, 
0.039232850074768066, 0.09145128726959229, 0.5387830019239055, 1791403417804165724, 
-0.1640905737876892, 0.12999814748764038, 0.4889392274080516, 1791403417834113175, 
-0.09800982475280762, -0.07855141162872314, 0.4827879394541322, 1791403417864179023, 
0.08569693565368652, 0.16850847005844116, 0.49159482571035096, 1791403417894166463, 
-0.18643218278884888, -0.09105557203292847, 0.4929767017873151, 1791403417924289407, 
-0.11186057329177856, 0.10271281003952026, 0.495828503868804, 1791403417954463801, 
-0.18453562259674072, 0.1251484751701355, 0.4881929458492696, 1791403417985902945, 
-0.17810988426208496, 0.14297956228256226, 0.49665671419688084, 1791403418017404516, 
0.008342146873474121, -0.0065683722496032715, 0.5812754139694671, 1791403418044747025, 
-0.5503979921340942, -0.040550172328948975, 0.5214847597599075, 1791403418074713593, 
0.305153489112854, 0.2471761703491211, 0.4910056700134505, 1791403418104472141, 
-0.08306914567947388, -0.24097365140914917, 0.49288402305907963, 1791403418134381389, 
-0.027314603328704834, 0.036385536193847656, 0.513938275900012, 1791403418164635249, 
-0.18963199853897095, 0.14374375343322754, 0.4977021761001242, 1791403418194573082, 
0.14261305332183838, 0.08890748023986816, 0.4917605810757298, 1791403418225575669, 
-0.09233427047729492, -0.005893826484680176, 0.46531080138998165, 1791403418257649794, 
-0.23670709133148193, -0.052614033222198486, 0.5518967165581019, 1791403418284965597, 
0.2281704545021057, 0.2322176694869995, 0.5171477476199666, 1791403418314641620, 
0.04787665605545044, -0.09172928333282471, 0.4833829631556907, 1791403418344668441, 
0.00862264633178711, 0.012219071388244629, 0.4961799325751797, 1791403418374711763, 
-0.06886297464370728, 0.14256417751312256, 0.4883768816855407, 1791403418404767173, 
-0.21706587076187134, 0.09217715263366699, 0.49522239435487075, 1791403418434859643, 
-0.1631600260734558, 0.08116787672042847, 0.49157418596728547, 1791403418465465442, 
0.10423159599304199, -0.15123146772384644, 0.46359836581240743, 1791403418498106764, 
-0.05206042528152466, 0.053526461124420166, 0.5850108309608959, 1791403418525045788, 
0.17739099264144897, 0.0929914116859436, 0.5119423004374253, 1791403418555004087, 
-0.08094298839569092, 0.12109696865081787, 0.5073507963239856, 1791403418585047111, 
0.1813843846321106, 0.005803525447845459, 0.4739250050772599, 1791403418615129835, 
-0.1428777575492859, 0.10738158226013184, 0.47822075129444247, 1791403418645168754, 
0.22998571395874023, 0.12927615642547607, 0.4999946786499287, 1791403418675210692, 
-0.08141273260116577, -0.19467687606811523, 0.48582635889870013, 1791403418705577658, 
-0.003320753574371338, 0.10406321287155151, 0.45871156229035603, 1791403418737519132, 
-0.06365758180618286, -0.015111684799194336, 0.521975264442698, 1791403418765408239, 
0.3668633699417114, 0.20014798641204834, 0.5038365537098094, 1791403418795425843, 
-0.08722877502441406, 0.20250314474105835, 0.5154472046804299, 1791403418825457819, 
-0.14045369625091553, -0.27482426166534424, 0.4581060564346335, 1791403418847542556, 
-0.21413111686706543, 0.24900925159454346, 0.5107894985174434, 1791403418875563372, 
0.12040650844573975, 0.0025841593742370605, 0.4666491097101879, 1791403418905562913, 
-0.09334969520568848, 0.04708731174468994, 0.48989204702114353, 1791403418935643689, 
-0.06398457288742065, 0.28510165214538574, 0.48325675690100217, 1791403418965765123, 
-0.20776116847991943, -0.16425764560699463, 0.48234765589895195, 1791403418995747148, 
0.00529402494430542, -0.028864264488220215, 0.4891665522620897, 1791403419025829479, 
-0.13274234533309937, 0.02824532985687256, 0.48605783777527045, 1791403419056817447, 
-0.12105900049209595, 0.21997112035751343, 0.49929943544838007, 1791403419087866292, 
0.11460822820663452, -0.0037952661514282227, 0.5382171272725325, 1791403419115938716, 
-0.4011009931564331, -0.04032474756240845, 0.5082603763909825, 1791403419145968674, 
0.005758345127105713, 0.10309910774230957, 0.4928748449549154, 1791403419176017183, 
-0.18365949392318726, -0.019365012645721436, 0.4859247232692584, 1791403419206063789, 
0.05645805597305298, 0.11997759342193604, 0.49552598712579254, 1791403419236156273, 
-0.09557843208312988, 0.07565206289291382, 0.48868986511623974, 1791403419266184687, 
-0.12236154079437256, 0.06922799348831177, 0.47648743756532025, 1791403419298216586, 
-0.06898021697998047, 0.09404051303863525, 0.4813399832348464, 1791403419329980921, 
-0.35325872898101807, -0.06398165225982666, 0.5899803551994416, 1791403419356384290, 
0.09394371509552002, 0.09239321947097778, 0.5002145040579886, 1791403419386428412, 
0.29162299633026123, -0.0636131763458252, 0.49492405792444083, 1791403419416453449, 
-0.49219197034835815, 0.1091606616973877, 0.49851075343949897, 1791403419446485929, 
0.09586334228515625, 0.1256113052368164, 0.4918947497790773, 1791403419476529561, 
-0.23441052436828613, 0.16405117511749268, 0.49777749450694575, 1791403419506628491, 
-0.07292550802230835, 0.009781956672668457, 0.4734617596856627, 1791403419537552438, 
-0.3577713370323181, -0.19562721252441406, 0.47069009112619886, 1791403419569848035, 
0.3192352056503296, 0.018352270126342773, 0.5921969467899074, 1791403419596968219, 
-0.14795398712158203, -0.056682288646698, 0.5326866585075194, 1791403419625781839, 
0.3535184860229492, 0.04368942975997925, 0.517378221357619, 1791403419655806257, 
-0.08388125896453857, 0.04366791248321533, 0.4836191115339354, 1791403419685879200, 
-0.09067720174789429, 0.25364112854003906, 0.4694565407294512, 1791403419716944157, 
-0.11645543575286865, 0.09161055088043213, 0.49753527122483987, 1791403419747118524, 
-0.09932053089141846, 0.019738852977752686, 0.47082779025237115, 1791403419778172837, 
0.1998124122619629, 0.19284772872924805, 0.45676803810880184, 1791403419809646113, 
-0.029308974742889404, -0.28449928760528564, 0.5426657789932177, 1791403419837165628, 
0.042579054832458496, 0.20924437046051025, 0.5212700052158781, 1791403419867159110, 
0.038797199726104736, 0.17541474103927612, 0.5096448613881087, 1791403419897338624, 
-0.002268850803375244, -0.011613905429840088, 0.5069381614418034, 1791403419927291080, 
-0.009238004684448242, 0.05646467208862305, 0.4952946736849454, 1791403419957324875, 
-0.10730838775634766, -0.08187192678451538, 0.4969221262707826, 1791403419987366521, 
0.013030409812927246, 0.3829924464225769, 0.48178447775643735, 1791403420017560846, 
0.18932455778121948, -0.10782462358474731, 0.4371631069527479, 1791403420049572267, 
-0.13731741905212402, -0.014072179794311523, 0.5247754900396254, 1791403420077562279, 
0.25585734844207764, 0.33401238918304443, 0.504327912920166, 1791403420107542283, 
-0.4212738275527954, 0.015809476375579834, 0.5273414719159297, 1791403420137595435, 
0.07093775272369385, 0.0972435474395752, 0.5196948318753379, 1791403420167676034, 
-0.04586052894592285, -0.14880508184432983, 0.5042874115261179, 1791403420197684761, 
0.2766953706741333, 0.10863840579986572, 0.479809224242832, 1791403420228088155, 
-0.05834496021270752, -0.02274179458618164, 0.5080432842197804, 1791403420256795447, 
-0.024131059646606445, 0.2660564184188843, 0.4430462376156093, 1791403420290311867, 
0.24046266078948975, 0.1652650237083435, 0.4660075387214727, 1791403420319962098, 
-0.3492543697357178, -0.30028945207595825, 0.5168152892867819, 1791403420347967435, 
0.004751980304718018, 0.17540264129638672, 0.507902220428441, 1791403420378015032, 
-0.1918344497680664, 0.05840790271759033, 0.5204587718786471, 1791403420408098268, 
0.11184173822402954, 0.1092684268951416, 0.5356728436922411, 1791403420438109381, 
0.011311531066894531, -0.004160642623901367, 0.49214117084609155, 1791403420468183319, 
0.05954611301422119, 0.1304987072944641, 0.49190051653856876, 1791403420498296322, 
0.22164040803909302, 0.20078974962234497, 0.4728925707864264, 1791403420529580695, 
-0.251997709274292, -0.05481612682342529, 0.44747926523220377, 1791403420560916829, 
-0.000763237476348877, 0.07776659727096558, 0.5266711122175987, 1791403420588343060, 
0.1559664011001587, 0.10236227512359619, 0.48292137059637735, 1791403420618453016, 
-0.4371916651725769, 0.16774433851242065, 0.5020001004838798, 1791403420649187024, 
0.10731756687164307, 0.046890854835510254, 0.5277233723348318, 1791403420679184335, 
-0.233393132686615, 0.04696911573410034, 0.515005850778176, 1791403420709165062, 
0.18846559524536133, 0.0718083381652832, 0.5093679691444523, 1791403420739220437, 
0.05376476049423218, -0.15666067600250244, 0.4922817629825207, 1791403420769880956, 
0.14655667543411255, 0.26535457372665405, 0.46021814918325954, 1791403420802276916, 
0.003204524517059326, 0.06607109308242798, 0.5340617133979344, 1791403420829241321, 
-0.3869708180427551, -0.02726536989212036, 0.48486512856810776, 1791403420859310379, 
-0.05404472351074219, -0.031879961490631104, 0.49621459491629155, 1791403420889410057, 
-0.25004708766937256, 0.06519711017608643, 0.5112262962429467, 1791403420919339006, 
-0.012292802333831787, 0.27098751068115234, 0.5168554105727537, 1791403420949293569, 
0.271487295627594, -0.24708956480026245, 0.5197599627523078, 1791403420979287917, 
0.19483280181884766, 0.05309575796127319, 0.5145400002781256, 1791403421009611944, 
0.04482346773147583, 0.16891390085220337, 0.45353035599669117, 1791403421042288646, 
-0.3752337098121643, -0.02477395534515381, 0.5382342141633137, 1791403421069430625, 
0.09265810251235962, 0.14735662937164307, 0.483468098723675, 1791403421099437971, 
-0.2868170142173767, -0.013784170150756836, 0.5023577113856236, 1791403421128788112, 
0.08402472734451294, 0.048871755599975586, 0.4818238535429447, 1791403421159679948, 
-0.3349187970161438, -0.19594138860702515, 0.5111788325840355, 1791403421189607440, 
0.44024789333343506, 0.05839109420776367, 0.5214844160606894, 1791403421219657176, 
-0.0624580979347229, 0.08188110589981079, 0.4954691681854909, 1791403421249957509, 
0.23560452461242676, -0.02228987216949463, 0.4780204359669649, 1791403421282322821, 
0.006616950035095215, 0.21435046195983887, 0.5210484164440067, 1791403421309720913, 
0.08548468351364136, -0.07390999794006348, 0.4785399598136354, 1791403421339660488, 
0.21054726839065552, 0.15272438526153564, 0.4964556693546339, 1791403421369633678, 
0.15199428796768188, -0.022315800189971924, 0.47960705400715287, 1791403421399710638, 
-0.25447022914886475, 0.03777670860290527, 0.49974134291441624, 1791403421429742736, 
0.2701224684715271, 0.19166451692581177, 0.512522901116861, 1791403421458795164, 
-0.3361854553222656, 0.08083784580230713, 0.4842724610635416, 1791403421489911311, 
0.45115649700164795, 0.06746631860733032, 0.4759526153769503, 1791403421522419143, 
0.028518199920654297, -0.1962297558784485, 0.5044002674731526, 1791403421551914778, 
-0.03168034553527832, 0.2698376774787903, 0.5375449762115742, 1791403421579062578, 
0.15583008527755737, 0.055626630783081055, 0.48156829598960726, 1791403421608981980, 
0.15947794914245605, 0.09878033399581909, 0.4736300375005966, 1791403421640042544, 
-0.09174883365631104, 0.21592241525650024, 0.49250592020536477, 1791403421670091560, 
-0.37080830335617065, -0.12350720167160034, 0.505533153582722, 1791403421700168893, 
0.35014986991882324, 0.2555999755859375, 0.5010473771011161, 1791403421730256476, 
-0.10917031764984131, -0.10628193616867065, 0.4656651861036972, 1791403421761907335, 
0.27075469493865967, -0.003181755542755127, 0.4769654809150695, 1791403421794118977, 
-0.02177298069000244, 0.06543517112731934, 0.5777748144015578, 1791403421820416943, 
0.10297459363937378, 0.18569844961166382, 0.5020220564553775, 1791403421850440575, 
0.08791959285736084, 0.05814218521118164, 0.49733441010014756, 1791403421880457800, 
0.20604568719863892, -0.11045372486114502, 0.4753511097469698, 1791403421910521953, 
-0.030130326747894287, 0.16963380575180054, 0.48921136411311544, 1791403421940550562, 
0.08724743127822876, -0.01506197452545166, 0.4933987569137021, 1791403421970623408, 
-0.2650400996208191, 0.1886788010597229, 0.49098358465235625, 1791403422001939194, 
0.2961845397949219, -0.03913557529449463, 0.503202015472847, 1791403422032800291, 
-0.1546420454978943, 0.004555225372314453, 0.5476102583615625, 1791403422060753360, 
0.4341147541999817, 0.15203267335891724, 0.5201320894932463, 1791403422089780797, 
-0.029469788074493408, -0.13769948482513428, 0.47417474704412566, 1791403422120828275, 
0.15959274768829346, 0.1258355975151062, 0.4659372075103601, 1791403422150883928, 
0.21784496307373047, 0.03537648916244507, 0.4776506976520078, 1791403422180925685, 
-0.15458405017852783, 0.14527249336242676, 0.5263448263591891, 1791403422210013292, 
-0.11642616987228394, 0.13046741485595703, 0.45764566005335466, 1791403422242690106, 
0.13258296251296997, -0.08214330673217773, 0.4934446633593418, 1791403422273719894, 
0.364909291267395, 0.04751843214035034, 0.5672841010606959, 1791403422301187481, 
0.05658990144729614, -0.030260980129241943, 0.5058498589478124, 1791403422331255496, 
0.2326919436454773, 0.19437730312347412, 0.49760234679913706, 1791403422361231673, 
0.04843169450759888, 0.06284278631210327, 0.4734139139415548, 1791403422391339900, 
-0.29515373706817627, 0.05809813737869263, 0.49098378689810496, 1791403422421343493, 
0.02525705099105835, 0.16260695457458496, 0.49097486450995514, 1791403422451401848, 
-0.08429127931594849, -0.11197364330291748, 0.48386127208669094, 1791403422481946721, 
0.10834288597106934, 0.0174180269241333, 0.49641663083696796, 1791403422512798969, 
0.10193902254104614, 0.21447426080703735, 0.526743365165712, 1791403422541546507, 
0.2821352481842041, 0.1337883472442627, 0.5285840519535079, 1791403422571606257, 
-0.1483210325241089, 0.13314712047576904, 0.5074675611695255, 1791403422601629373, 
0.06403845548629761, -0.14669263362884521, 0.45966419234299793, 1791403422623941704, 
0.29190224409103394, 0.14062219858169556, 0.5376753888104332, 1791403422651823068, 
-0.15235114097595215, -0.14490801095962524, 0.472509828383496, 1791403422682092468, 
-0.034740447998046875, 0.11533588171005249, 0.4965996482128066, 1791403422711972920, 
-0.06672394275665283, 0.24443787336349487, 0.4909034264522565, 1791403422741961622, 
-0.2487683892250061, 0.08792543411254883, 0.49865671697769104, 1791403422771974770, 
0.03344583511352539, -0.10562103986740112, 0.5213046024454739, 1791403422802239603, 
-0.09156990051269531, -0.025000333786010742, 0.507803184101468, 1791403422832727630, 
0.3353627324104309, 0.13422971963882446, 0.47743849026014357, 1791403422864863122, 
-0.3041571378707886, -0.08342117071151733, 0.5230192946553014, 1791403422892247360, 
0.269619345664978, 0.11296725273132324, 0.47882449649735254, 1791403422922171645, 
-0.18387526273727417, 0.09209239482879639, 0.4892792521620143, 1791403422952255976, 
-0.1954714059829712, 0.0993797779083252, 0.49909299644335625, 1791403422982248852, 
0.1522095799446106, 0.1639164686203003, 0.4866773771356831, 1791403423012364884, 
-0.08172565698623657, -0.29846376180648804, 0.49968937153301574, 1791403423042433490, 
0.15687060356140137, 0.06091177463531494, 0.47361529912085, 1791403423074603003, 
-0.07304275035858154, 0.054682374000549316, 0.4892902474124168, 1791403423105732756, 
-0.18747568130493164, 0.09810936450958252, 0.572016179442917, 1791403423132648715, 
0.17037349939346313, 0.14892911911010742, 0.4726059447712341, 1791403423162573136, 
-0.0825846791267395, -0.13261234760284424, 0.48118029180725114, 1791403423192616847, 
0.10830515623092651, 0.2609020471572876, 0.4898748466595106, 1791403423222656816, 
0.10212457180023193, -0.03038489818572998, 0.4894494588167844, 1791403423252756723, 
-0.2221471071243286, 0.19289499521255493, 0.5251673637820412, 1791403423281789015, 
-0.10675209760665894, 0.020026326179504395, 0.4561897473169887, 1791403423314364371, 
-0.28353387117385864, -0.022721946239471436, 0.4775144165494395, 1791403423345728338, 
-0.11172592639923096, 0.059948861598968506, 0.5606176711830789, 1791403423373029413, 
0.0033562183380126953, -0.06298506259918213, 0.520829286416847, 1791403423402987308, 
-0.09867888689041138, 0.14494562149047852, 0.5192478657948632, 1791403423433072738, 
0.035331010818481445, 0.0550384521484375, 0.49043191829292815, 1791403423463053549, 
0.07502686977386475, 0.0812799334526062, 0.5095258464139139, 1791403423493113309, 
-0.27324622869491577, 0.23384636640548706, 0.4974338383247744, 1791403423523135674, 
-0.31574416160583496, -0.06519603729248047, 0.4901732633580623, 1791403423553820089, 
-0.008563220500946045, 0.005976200103759766, 0.46997714582817, 1791403423586181912, 
0.12870925664901733, -0.07599836587905884, 0.5525177484257239, 1791403423613529315, 
-0.13535857200622559, 0.1304551362991333, 0.5208713421592638, 1791403423643363380, 
0.007416725158691406, 0.0412716269493103, 0.47853499665374216, 1791403423673494306, 
0.03234046697616577, 0.02741241455078125, 0.48667914298379106, 1791403423703449130, 
-0.021222352981567383, 0.04297137260437012, 0.49885569991450074, 1791403423733523217, 
-0.06479877233505249, -0.031878530979156494, 0.48813301947004345, 1791403423763605332, 
-0.02835017442703247, 0.18988186120986938, 0.48528045437190637, 1791403423794411202, 
0.21514993906021118, -0.06927353143692017, 0.48923462242049365, 1791403423824815708, 
-0.18765097856521606, 0.0995781421661377, 0.49757714693578914, 1791403423855832452, 
0.16231858730316162, 0.03137463331222534, 0.5437238526664109, 1791403423884352332, 
-0.37999415397644043, -0.011854410171508789, 0.5079957624212438, 1791403423914411842, 
0.11881691217422485, 0.03952902555465698, 0.490996178080281, 1791403423944376186, 
-0.029124855995178223, -0.11062073707580566, 0.48837038200894145, 1791403423974418565, 
0.19235020875930786, 0.13850921392440796, 0.5042737176765568, 1791403424004379215, 
-0.08601254224777222, 0.09723502397537231, 0.49287768693006956, 1791403424034491365, 
0.035173654556274414, 0.09244769811630249, 0.487679148771107, 1791403424064778510, 
-0.1213226318359375, 0.0297202467918396, 0.4726708401451744, 1791403424096528073, 
-0.34791648387908936, -0.20101547241210938, 0.5530859759476259, 1791403424124470481, 
0.2723815441131592, 0.2184281349182129, 0.5111898683155961, 1791403424154597762, 
-0.09149938821792603, -0.1547313928604126, 0.5146431202314495, 1791403424184582137, 
-0.0849992036819458, -0.04549062252044678, 0.5085112557834726, 1791403424214662183, 
-0.11034643650054932, 0.03954207897186279, 0.48057279819664245, 1791403424244853401, 
-0.2658560872077942, 0.16668730974197388, 0.49453724319212683, 1791403424274843398, 
0.23370909690856934, 0.16282665729522705, 0.4673423819454708, 1791403424304802763, 
-0.19136393070220947, 0.02127993106842041, 0.439768368918957, 1791403424337025320, 
0.028254985809326172, 0.04915928840637207, 0.5426536636715695, 1791403424363774694, 
-0.1418970227241516, -0.16305053234100342, 0.4825184346111177, 1791403424394726134, 
-0.22208112478256226, 0.1467849612236023, 0.44028511723542024, 1791403424418336761, 
0.23465299606323242, 0.25490832328796387, 0.6010409459344607, 1791403424443794395, 
0.016200542449951172, -0.11018264293670654, 0.5001851073791046, 1791403424474694630, 
0.22690421342849731, 0.048114776611328125, 0.49482312271339524, 1791403424504720196, 
-0.23776239156723022, -0.1606486439704895, 0.4960882796027079, 1791403424533788551, 
0.09614461660385132, 0.2186797857284546, 0.4710677466728126, 1791403424564864882, 
1.4543533325195312e-05, 0.03240436315536499, 0.4536303423962101, 1791403424594929337, 
-0.14579558372497559, -0.07454830408096313, 0.47241205275498216, 1791403424624811193, 
-0.03798478841781616, 0.14075994491577148, 0.44840249258401527, 1791403424658101447, 
-0.0366901159286499, -0.024036109447479248, 0.5673471500601395, 1791403424685137310, 
0.12751632928848267, 0.07613760232925415, 0.5562505360049015, 1791403424714141957, 
0.14260053634643555, -0.11358177661895752, 0.5009393958741909, 1791403424745151738, 
0.11492079496383667, 0.08802676200866699, 0.4947453172452497, 1791403424775249895, 
0.33599644899368286, 0.0748717188835144, 0.49619683101399437, 1791403424805273175, 
-0.09958070516586304, -0.002359449863433838, 0.4857894350704075, 1791403424835334782, 
0.08487403392791748, -0.00726628303527832, 0.47820551926382016, 1791403424866169052, 
-0.09036237001419067, -0.18281328678131104, 0.47706544325439204, 1791403424896774634, 
0.4555848240852356, 0.18454676866531372, 0.5353147629032708, 1791403424925484713, 
-0.29892557859420776, 0.08850318193435669, 0.5220826141180057, 1791403424955514835, 
0.1642218828201294, -0.024035990238189697, 0.517258959007988, 1791403424985505461, 
0.33760887384414673, -0.0275115966796875, 0.4942492441000254, 1791403425015625768, 
0.04345691204071045, 0.07033556699752808, 0.49432608647045784, 1791403425045608863, 
-0.04822182655334473, 0.12598884105682373, 0.4907988525664701, 1791403425075830040, 
0.11368930339813232, -0.09739190340042114, 0.4731197388498494, 1791403425106114859, 
0.014018595218658447, 0.1798253059387207, 0.45208856500470984, 1791403425137891600, 
-0.09471124410629272, -0.059771597385406494, 0.4966113846334187, 1791403425167984268, 
-0.3194015622138977, 0.006755053997039795, 0.5356376796986222, 1791403425195915131, 
-0.027977943420410156, 0.13881194591522217, 0.5047927218479326, 1791403425225941924, 
0.1412237286567688, 0.0068427324295043945, 0.469378402174986, 1791403425247993568, 
-0.031497955322265625, -0.019473612308502197, 0.5604177207408666, 1791403425276062447, 
0.14279276132583618, -0.003057122230529785, 0.49969449845623576, 1791403425306064815, 
-0.09061014652252197, -0.028185725212097168, 0.4983225135531583, 1791403425336098099, 
0.08326172828674316, 0.08079516887664795, 0.5011680091152038, 1791403425365171869, 
-0.15036320686340332, -0.14425116777420044, 0.46767484488913097, 1791403425396179838, 
0.14360558986663818, 0.07962054014205933, 0.4915097143390102, 1791403425426269675, 
-0.07236552238464355, 0.060247838497161865, 0.48503749328015827, 1791403425456797346, 
-0.0434073805809021, 0.06339401006698608, 0.4858742806324407, 1791403425489294170, 
0.26348745822906494, 0.09957349300384521, 0.5747674559717397, 1791403425516412144, 
-0.09590393304824829, -0.20193862915039062, 0.5255750897179333, 1791403425546484586, 
-0.15943777561187744, -0.01174783706665039, 0.4410330406979091, 1791403425570276429, 
0.3636944890022278, 0.10604947805404663, 0.5408724921717909, 1791403425606594660, 
-0.24094241857528687, 0.14516735076904297, 0.496921311198754, 1791403425636904390, 
0.025195181369781494, 0.0012971162796020508, 0.4923621363839687, 1791403425666707561, 
-0.16004705429077148, -0.09681057929992676, 0.4615457062074329, 1791403425698466834, 
0.1674376130104065, 0.07976353168487549, 0.46217253509491524, 1791403425729845611, 
-0.18388432264328003, 0.05246257781982422, 0.5446049581150536, 1791403425756898678, 
0.048812150955200195, 0.004027843475341797, 0.5181166826164045, 1791403425786919512, 
-0.2673790454864502, -0.2645367383956909, 0.5165762749893472, 1791403425817053443, 
0.25283509492874146, 0.12485414743423462, 0.5124712929467187, 1791403425847112348, 
-0.04173535108566284, 0.05042082071304321, 0.47766660941120537, 1791403425876956809, 
0.05696958303451538, 0.08436435461044312, 0.47363450636417276, 1791403425907041860, 
0.08719617128372192, 0.12312036752700806, 0.46701506049924124, 1791403425937857016, 
-0.4022362232208252, -0.08785736560821533, 0.45164537313125946, 1791403425970161037, 
0.02386307716369629, 0.14041543006896973, 0.5524579748624238, 1791403425996200914, 
-0.29346418380737305, -0.16927361488342285, 0.4598576404977652, 1791403426027292998, 
0.08801060914993286, 0.08013677597045898, 0.5165934222049063, 1791403426057300570, 
0.05150574445724487, 0.07144320011138916, 0.525444338074744, 1791403426087369857, 
0.008166730403900146, 0.03479677438735962, 0.5126718698726799, 1791403426117471569, 
-0.22559553384780884, 0.059475839138031006, 0.5101814207029874, 1791403426147690825, 
-0.2734394669532776, -0.03759366273880005, 0.48965307810611286, 1791403426177887278, 
0.17389005422592163, 0.12214994430541992, 0.446513930168263, 1791403426210284437, 
-0.18273252248764038, 0.008178174495697021, 0.5266807893340552, 1791403426237661614, 
