x, y, th, stamp, 
-0.3569760322570801, 1.675683856010437, 0.3353009066622643, 1791403396493546633, 
-0.3569760322570801, 1.675683856010437, 0.3353009066622643, 1791403396541237141, 
-0.3569760322570801, 1.675683856010437, 0.3353009066622643, 1791403396589103113, 
-0.3569760322570801, 1.675683856010437, 0.3353009066622643, 1791403396637099047, 
-0.3569760322570801, 1.675683856010437, 0.3353009066622643, 1791403396685104776, 
-0.3569760322570801, 1.675683856010437, 0.3353009066622643, 1791403396733090766, 
-0.3569760322570801, 1.675683856010437, 0.3353009066622643, 1791403396797477672, 
-0.3569760322570801, 1.675683856010437, 0.3353009066622643, 1791403396828872803, 
-0.3569760322570801, 1.675683856010437, 0.3353009066622643, 1791403396893168131, 
-0.3569760322570801, 1.675683856010437, 0.3353009066622643, 1791403396941139923, 
-0.3569760322570801, 1.675683856010437, 0.3353009066622643, 1791403396989102396, 
-0.3569760322570801, 1.675683856010437, 0.3353009066622643, 1791403397037116661, 
-0.3569760322570801, 1.675683856010437, 0.3353009066622643, 1791403397085108275, 
-0.3569760322570801, 1.675683856010437, 0.3353009066622643, 1791403397133098195, 
-0.3569760322570801, 1.675683856010437, 0.3353009066622643, 1791403397197297506, 
-0.3569760322570801, 1.675683856010437, 0.3353009066622643, 1791403397245610827, 
-0.3569760322570801, 1.675683856010437, 0.3353009066622643, 1791403397276901564, 
-0.3569760322570801, 1.675683856010437, 0.3353009066622643, 1791403397342116791, 
-0.3569760322570801, 1.675683856010437, 0.3353009066622643, 1791403397389214002, 
-0.3569760322570801, 1.675683856010437, 0.3353009066622643, 1791403397437155992, 
-0.3569760322570801, 1.675683856010437, 0.3353009066622643, 1791403397485275603, 
-0.3569760322570801, 1.675683856010437, 0.3353009066622643, 1791403397533401726, 
-0.3569760322570801, 1.675683856010437, 0.3353009066622643, 1791403397581498975, 
-0.3569760322570801, 1.675683856010437, 0.3353009066622643, 1791403397629005187, 
-0.3569760322570801, 1.675683856010437, 0.3353009066622643, 1791403397677257649, 
-0.3569760322570801, 1.675683856010437, 0.3353009066622643, 1791403397741144553, 
-0.3569760322570801, 1.675683856010437, 0.3353009066622643, 1791403397789112664, 
-0.3569760322570801, 1.675683856010437, 0.3353009066622643, 1791403397837146188, 
-0.3569760322570801, 1.675683856010437, 0.3353009066622643, 1791403397885122258, 
-0.3569760322570801, 1.675683856010437, 0.3353009066622643, 1791403397933116822, 
-0.3569760322570801, 1.675683856010437, 0.3353009066622643, 1791403397981284426, 
-0.3569760322570801, 1.675683856010437, 0.3353009066622643, 1791403398045237830, 
-0.3569760322570801, 1.675683856010437, 0.3353009066622643, 1791403398094606111, 
-0.3569760322570801, 1.675683856010437, 0.3353009066622643, 1791403398141144099, 
-0.3569760322570801, 1.675683856010437, 0.3353009066622643, 1791403398189117688, 
-0.3569760322570801, 1.675683856010437, 0.3353009066622643, 1791403398237145118, 
-0.3569760322570801, 1.675683856010437, 0.3353009066622643, 1791403398285137348, 
-0.3569760322570801, 1.675683856010437, 0.3353009066622643, 1791403398334186621, 
-0.3569760322570801, 1.675683856010437, 0.3353009066622643, 1791403398397198800, 
-0.3569760322570801, 1.675683856010437, 0.3353009066622643, 1791403398429235658, 
-0.3569760322570801, 1.675683856010437, 0.3353009066622643, 1791403398493940045, 
-0.3569760322570801, 1.675683856010437, 0.3353009066622643, 1791403398541238956, 
-0.3569760322570801, 1.675683856010437, 0.3353009066622643, 1791403398589228393, 
-0.35670268535614014, 1.6756478548049927, 0.3376959861902557, 1791403398637136639, 
-0.35477566719055176, 1.6764936447143555, 0.34972610398706405, 1791403398685189419, 
-0.35110214352607727, 1.6777675151824951, 0.36660349106369083, 1791403398733032632, 
-0.34658101201057434, 1.6794614791870117, 0.39051867951124064, 1791403398781506453, 
-0.3402806520462036, 1.6818976402282715, 0.42337173330138134, 1791403398845253895, 
-0.33607691526412964, 1.683738112449646, 0.4464528104862581, 1791403398893141063, 
-0.33203113079071045, 1.6855717897415161, 0.4705495982815903, 1791403398941123140, 
-0.32790806889533997, 1.6874771118164062, 0.4949704198972278, 1791403398989316766, 
-0.3236731290817261, 1.6894538402557373, 0.5191269152894861, 1791403399037418781, 
-0.31934693455696106, 1.6917282342910767, 0.5430978274850934, 1791403399085297180, 
-0.31530383229255676, 1.6940457820892334, 0.5668691911053395, 1791403399132923493, 
-0.31133800745010376, 1.696373701095581, 0.5910352292568457, 1791403399181604157, 
-0.30739066004753113, 1.6987885236740112, 0.6152859322262363, 1791403399229396700, 
-0.30225351452827454, 1.7021849155426025, 0.6483821198689566, 1791403399293292870, 
-0.2984629273414612, 1.7048089504241943, 0.6727753601907613, 1791403399341318470, 
-0.29472216963768005, 1.7075992822647095, 0.6964828656651895, 1791403399389275092, 
-0.2910957336425781, 1.7105793952941895, 0.7200853737574424, 1791403399437277851, 
-0.28752070665359497, 1.7134791612625122, 0.7448647049615875, 1791403399486144733, 
-0.2842571437358856, 1.716414213180542, 0.7684810251763639, 1791403399532927726, 
-0.2797809839248657, 1.7205883264541626, 0.8006262646218284, 1791403399597363372, 
-0.27766153216362, 1.7226617336273193, 0.8162722337513497, 1791403399628823788, 
-0.27346792817115784, 1.7271692752838135, 0.8480737666028924, 1791403399693381127, 
-0.2704484462738037, 1.7305048704147339, 0.8727387445400313, 1791403399741516283, 
-0.26742762327194214, 1.7338422536849976, 0.8969133001595662, 1791403399789149387, 
-0.2644423246383667, 1.7374012470245361, 0.920847652642414, 1791403399837727157, 
-0.2614847719669342, 1.7411185503005981, 0.9453194280752985, 1791403399886289798, 
-0.2588029205799103, 1.7448018789291382, 0.9684788500493464, 1791403399933205620, 
-0.25521495938301086, 1.749866247177124, 1.0013974254195785, 1791403399997608167, 
-0.2534887194633484, 1.7523361444473267, 1.0183838920031094, 1791403400029269568, 
-0.25005343556404114, 1.7574917078018188, 1.0506418395742327, 1791403400093553486, 
-0.24785350263118744, 1.7614091634750366, 1.0728470248644244, 1791403400141582387, 
-0.2455710619688034, 1.7655301094055176, 1.0964304041368786, 1791403400189141059, 
-0.24334681034088135, 1.769614815711975, 1.1199715268446357, 1791403400236920959, 
-0.24117250740528107, 1.7736918926239014, 1.1436911777179235, 1791403400285024949, 
-0.23909799754619598, 1.777809500694275, 1.168332424472715, 1791403400333196836, 
-0.23713207244873047, 1.7819088697433472, 1.1919809588763361, 1791403400381408586, 
-0.235313281416893, 1.7862745523452759, 1.2142725195472401, 1791403400429645471, 
-0.23302388191223145, 1.7921124696731567, 1.245413192897788, 1791403400493572925, 
-0.23141755163669586, 1.79633629322052, 1.2700206677169246, 1791403400541126811, 
-0.2299276888370514, 1.8007005453109741, 1.294918735766118, 1791403400589151211, 
-0.2284112572669983, 1.8052608966827393, 1.3197403182549825, 1791403400638126960, 
-0.2271842211484909, 1.809657096862793, 1.3425149104704701, 1791403400685137881, 
-0.226091206073761, 1.8142181634902954, 1.3658498043174987, 1791403400733215861, 
-0.22500672936439514, 1.818810224533081, 1.3899343101060524, 1791403400780813190, 
-0.22380925714969635, 1.824825406074524, 1.4231396299313064, 1791403400845693852, 
-0.22300125658512115, 1.8293524980545044, 1.4477828712297263, 1791403400893641219, 
-0.22243735194206238, 1.8339829444885254, 1.4712882337597488, 1791403400941165672, 
-0.2219000905752182, 1.838747262954712, 1.4950278245123314, 1791403400989127470, 
-0.2215069979429245, 1.84342360496521, 1.5185205327871303, 1791403401038134530, 
-0.22119425237178802, 1.8478845357894897, 1.5422830937649146, 1791403401085144342, 
-0.22092287242412567, 1.8524951934814453, 1.567382443117596, 1791403401133200544, 
-0.22073093056678772, 1.8569645881652832, 1.5913415679591647, 1791403401180803326, 
-0.22077085077762604, 1.8618195056915283, 1.6149778843554219, 1791403401229269017, 
-0.22097401320934296, 1.8681137561798096, 1.6459971728674732, 1791403401293540587, 
-0.22138871252536774, 1.8726105690002441, 1.6695074118012243, 1791403401341131196, 
-0.22165672481060028, 1.8770121335983276, 1.6944498381426238, 1791403401389133310, 
-0.22214654088020325, 1.8816100358963013, 1.7190593992149694, 1791403401437134061, 
-0.22273895144462585, 1.886406660079956, 1.7432262180308025, 1791403401485134350, 
-0.22342145442962646, 1.8908843994140625, 1.7669695274546808, 1791403401533115949, 
-0.2246716320514679, 1.8968944549560547, 1.7984415370115, 1791403401597528203, 
-0.22559867799282074, 1.9015260934829712, 1.823383698403174, 1791403401645986170, 
-0.22664190828800201, 1.905768632888794, 1.8466468760409969, 1791403401693189490, 
-0.2278839349746704, 1.9102356433868408, 1.8701691012241375, 1791403401741172477, 
-0.22918999195098877, 1.9149233102798462, 1.8943700022986587, 1791403401790148755, 
-0.2306433767080307, 1.919071912765503, 1.9162501550352002, 1791403401837137878, 
-0.23210497200489044, 1.923293113708496, 1.939968714855918, 1791403401885147384, 
-0.2335910052061081, 1.9275949001312256, 1.9647173472941684, 1791403401933123721, 
-0.23530499637126923, 1.9317905902862549, 1.9889822744260488, 1791403401981723093, 
-0.23770658671855927, 1.9374336004257202, 2.0208067956879354, 1791403402044948034, 
-0.23964852094650269, 1.9416249990463257, 2.0451425936846293, 1791403402092923021, 
-0.24176131188869476, 1.9456493854522705, 2.06909386039917, 1791403402141156081, 
-0.24385319650173187, 1.949784517288208, 2.0944913678725197, 1791403402190138539, 
-0.24603784084320068, 1.9536266326904297, 2.1183571838148856, 1791403402237136233, 
-0.24841763079166412, 1.9577182531356812, 2.142061572575444, 1791403402285161756, 
-0.25081562995910645, 1.9615697860717773, 2.165899769135322, 1791403402333121685, 
-0.25438621640205383, 1.966806411743164, 2.1985375858324128, 1791403402397228247, 
-0.2569110691547394, 1.9705666303634644, 2.2233843707442857, 1791403402445663621, 
-0.25874629616737366, 1.9730507135391235, 2.2395608310992, 1791403402477241013, 
-0.2624386250972748, 1.9779895544052124, 2.2711812990702724, 1791403402541213879, 
-0.26542943716049194, 1.9815393686294556, 2.2941978050582645, 1791403402589143892, 
-0.26853933930397034, 1.9849879741668701, 2.317697304187452, 1791403402637216452, 
-0.27165448665618896, 1.9883031845092773, 2.341935642265054, 1791403402685768326, 
-0.2746821343898773, 1.9914621114730835, 2.3661915563242335, 1791403402733125003, 
-0.27794215083122253, 1.9946303367614746, 2.390264521700923, 1791403402780966038, 
-0.2813112139701843, 1.997957468032837, 2.413520628205362, 1791403402829615757, 
-0.28593504428863525, 2.0020313262939453, 2.4445999188559235, 1791403402892908440, 
-0.2893923819065094, 2.005044937133789, 2.4683104179895117, 1791403402941172612, 
-0.2929327189922333, 2.0079751014709473, 2.4921373024801063, 1791403402989159105, 
-0.29651376605033875, 2.0108020305633545, 2.517293427929637, 1791403403037136002, 
-0.30017027258872986, 2.0136890411376953, 2.541673931770928, 1791403403085143991, 
-0.30406835675239563, 2.016309976577759, 2.5650003143889313, 1791403403133126164, 
-0.30804577469825745, 2.018864631652832, 2.588441206933391, 1791403403182296782, 
-0.3128291666507721, 2.022010564804077, 2.619744578348995, 1791403403245233205, 
-0.3154608905315399, 2.0235469341278076, 2.6365971827371806, 1791403403278197971, 
-0.3208383023738861, 2.026719331741333, 2.669342237253966, 1791403403342363130, 
-0.32486164569854736, 2.0288217067718506, 2.692653882626619, 1791403403389300774, 
-0.32893359661102295, 2.030874252319336, 2.716072343877025, 1791403403437311532, 
-0.33302876353263855, 2.0328145027160645, 2.739729395419877, 1791403403485170250, 
-0.33718374371528625, 2.034633159637451, 2.7639039142873396, 1791403403533228379, 
-0.3417049050331116, 2.0365469455718994, 2.789083005534692, 1791403403582957287, 
-0.3472821116447449, 2.0387825965881348, 2.8195367117044348, 1791403403645187604, 
-0.3517845869064331, 2.0401456356048584, 2.8427004669456535, 1791403403693054100, 
-0.35620513558387756, 2.0416109561920166, 2.8662039843150438, 1791403403741145708, 
-0.3605504035949707, 2.0428762435913086, 2.890040869079411, 1791403403789174441, 
-0.36500468850135803, 2.0441043376922607, 2.914839046206821, 1791403403837235780, 
-0.36948537826538086, 2.045306444168091, 2.938908584219897, 1791403403885171964, 
-0.37415432929992676, 2.046337604522705, 2.96283959099328, 1791403403933211149, 
-0.3789098262786865, 2.047267436981201, 2.986376299231584, 1791403403981109063, 
-0.38334032893180847, 2.0480263233184814, 3.0103029997066284, 1791403404029000148, 
-0.38925206661224365, 2.048938035964966, 3.0440139879881465, 1791403404092938292, 
-0.3939368426799774, 2.049531936645508, 3.0684852675274326, 1791403404141258148, 
-0.3986826241016388, 2.0499634742736816, 3.091660979753561, 1791403404189163180, 
-0.4033329486846924, 2.0503151416778564, 3.114770888486217, 1791403404237160299, 
-0.4080537259578705, 2.0505335330963135, 3.138499498638003, 1791403404285237061, 
-0.41270866990089417, 2.0507051944732666, -3.11970543473468, 1791403404334133240, 
-0.41716328263282776, 2.0507586002349854, -3.0963973998410244, 1791403404381276055, 
-0.4234234690666199, 2.0504941940307617, -3.0658528755128907, 1791403404444897920, 
-0.4281277358531952, 2.0502216815948486, -3.0417032230508174, 1791403404493946355, 
-0.43260833621025085, 2.04976749420166, -3.01789236333555, 1791403404541153700, 
-0.43707725405693054, 2.0495078563690186, -2.9921548368231417, 1791403404589365217, 
-0.441612184047699, 2.0489447116851807, -2.968080291865154, 1791403404637154255, 
-0.4463433027267456, 2.048273801803589, -2.944680702252709, 1791403404686614138, 
-0.45087531208992004, 2.047408103942871, -2.9212989913649476, 1791403404733886191, 
-0.45528078079223633, 2.046461343765259, -2.897237318524428, 1791403404781317380, 
-0.4614029824733734, 2.0450756549835205, -2.864094485283875, 1791403404845907201, 
-0.46427178382873535, 2.0444319248199463, -2.8484496469831786, 1791403404877074647, 
-0.47023627161979675, 2.0426578521728516, -2.8169260166533423, 1791403404941188285, 
-0.47489863634109497, 2.0412817001342773, -2.7930366850653607, 1791403404990244650, 
-0.47927308082580566, 2.039719820022583, -2.769873841811715, 1791403405037226276, 
-0.48359784483909607, 2.0380971431732178, -2.7451878371813025, 1791403405086279031, 
-0.4877455234527588, 2.036454439163208, -2.721549721862118, 1791403405133132788, 
-0.4919586777687073, 2.0346670150756836, -2.6974813417286634, 1791403405181636973, 
-0.497895747423172, 2.0319252014160156, -2.664923840358035, 1791403405246579108, 
-0.5018952488899231, 2.029909372329712, -2.6414093976161244, 1791403405292974867, 
-0.5060586333274841, 2.0277769565582275, -2.6173343311944164, 1791403405341306320, 
-0.510151743888855, 2.025644540786743, -2.59288985196755, 1791403405389388657, 
-0.5141600370407104, 2.0232224464416504, -2.568254253963938, 1791403405437317668, 
-0.5182377696037292, 2.020641565322876, -2.5436863998116124, 1791403405486149429, 
-0.5221999883651733, 2.0180811882019043, -2.52051255835499, 1791403405532956286, 
-0.5271623134613037, 2.0144851207733154, -2.488460579487423, 1791403405597630743, 
-0.5296100378036499, 2.012779951095581, -2.4727511371684585, 1791403405629693113, 
-0.5344241261482239, 2.008999824523926, -2.4402285019710224, 1791403405693707651, 
-0.5380831360816956, 2.005985736846924, -2.4156154985731444, 1791403405742545994, 
-0.5418536067008972, 2.0030205249786377, -2.3920982227277108, 1791403405790550744, 
-0.5452482104301453, 1.9999560117721558, -2.3692118926469043, 1791403405837515008, 
-0.5485694408416748, 1.9967420101165771, -2.345053896073285, 1791403405885834174, 
-0.5516989231109619, 1.993825078010559, -2.3213129012195886, 1791403405933249376, 
-0.5548352003097534, 1.9904701709747314, -2.29727041530112, 1791403405981134962, 
-0.5581520199775696, 1.9870357513427734, -2.273138501318277, 1791403406029932637, 
-0.5611884593963623, 1.9835742712020874, -2.2501190226549284, 1791403406077430630, 
-0.5649904012680054, 1.978853702545166, -2.2183952999659566, 1791403406141426990, 
-0.5679871439933777, 1.9751657247543335, -2.193710400316939, 1791403406190547154, 
-0.5707430839538574, 1.9714103937149048, -2.1698303813205664, 1791403406238625490, 
-0.5735244750976562, 1.9676504135131836, -2.1460233169190692, 1791403406286690926, 
-0.5761395692825317, 1.9637672901153564, -2.1227965077800635, 1791403406333209639, 
-0.5794847011566162, 1.9583717584609985, -2.0907240414591315, 1791403406396895477, 
-0.581885576248169, 1.9544720649719238, -2.0666543899334604, 1791403406445412669, 
-0.5841055512428284, 1.9506030082702637, -2.042459871911302, 1791403406493063829, 
-0.5862639546394348, 1.9465337991714478, -2.018627119748923, 1791403406541176243, 
-0.5883886814117432, 1.9423059225082397, -1.9943642574254026, 1791403406590168023, 
-0.5902179479598999, 1.9382891654968262, -1.9711371629952295, 1791403406637169114, 
-0.5919559597969055, 1.9341927766799927, -1.9470345858915408, 1791403406685169158, 
-0.5937439799308777, 1.9300028085708618, -1.9229997843013695, 1791403406733255335, 
-0.5955003499984741, 1.9256733655929565, -1.8991263723148488, 1791403406781552982, 
-0.5971556305885315, 1.9211653470993042, -1.8748544925795865, 1791403406830376721, 
-0.5986660718917847, 1.916711688041687, -1.8511566969958595, 1791403406878758632, 
-0.6004269123077393, 1.9109444618225098, -1.8192695672477308, 1791403406941172777, 
-0.6016948223114014, 1.906326174736023, -1.794122742764878, 1791403406990164772, 
-0.6027414202690125, 1.9018195867538452, -1.7697972595665077, 1791403407038168994, 
-0.6037249565124512, 1.8974500894546509, -1.7463000041438772, 1791403407085190335, 
-0.6045955419540405, 1.8928947448730469, -1.7227735636939965, 1791403407133229924, 
-0.6055394411087036, 1.8867216110229492, -1.6906485147460981, 1791403407198214178, 
-0.6060810089111328, 1.8823038339614868, -1.6676726980589207, 1791403407245253862, 
-0.6066942811012268, 1.877803087234497, -1.6430262894929746, 1791403407293030109, 
-0.6071442365646362, 1.8733632564544678, -1.619171916517088, 1791403407341267442, 
-0.6074413657188416, 1.8686529397964478, -1.5952627575786094, 1791403407390170776, 
-0.6074480414390564, 1.8641890287399292, -1.5713266607260274, 1791403407439176027, 
-0.607520580291748, 1.859833836555481, -1.5485627412811742, 1791403407485180311, 
-0.6075749397277832, 1.8552371263504028, -1.524983222024022, 1791403407533232443, 
-0.6075912117958069, 1.8506649732589722, -1.501512510577365, 1791403407581538737, 
-0.6072903275489807, 1.8458384275436401, -1.4770573049693665, 1791403407629798023, 
-0.606764554977417, 1.8398239612579346, -1.4457521241677935, 1791403407693108170, 
-0.6063324213027954, 1.8351824283599854, -1.4215393818571531, 1791403407741171077, 
-0.6057710647583008, 1.8305926322937012, -1.3963711381087183, 1791403407790220760, 
-0.6050681471824646, 1.826043963432312, -1.371895833795957, 1791403407838157116, 
-0.6042643785476685, 1.8214292526245117, -1.3484242900166614, 1791403407885182458, 
-0.6033528447151184, 1.8168635368347168, -1.3248264535930476, 1791403407933159288, 
-0.6022950410842896, 1.8124526739120483, -1.3007729258606753, 1791403407981091468, 
-0.6006223559379578, 1.8065600395202637, -1.2687609710188814, 1791403408045142512, 
-0.5992131233215332, 1.8022979497909546, -1.2448742779536985, 1791403408093032875, 
-0.5979047417640686, 1.7979354858398438, -1.2209950729663717, 1791403408141387117, 
-0.5962639451026917, 1.793401837348938, -1.1971591918840745, 1791403408190178492, 
-0.5945972204208374, 1.7889940738677979, -1.1735613225296435, 1791403408238179388, 
-0.5928822159767151, 1.7848681211471558, -1.1500463450082998, 1791403408285177275, 
-0.5911308526992798, 1.780691146850586, -1.1252905926893453, 1791403408333228297, 
-0.588460385799408, 1.7749568223953247, -1.092578192193013, 1791403408398574278, 
-0.587116003036499, 1.772219181060791, -1.0767350353757894, 1791403408430076320, 
-0.5849050879478455, 1.7680859565734863, -1.0531933745139919, 1791403408478053101, 
-0.5819054245948792, 1.7626142501831055, -1.0217317939726789, 1791403408541373993, 
-0.5793713331222534, 1.7584420442581177, -0.9960479877068421, 1791403408591177545, 
-0.5771561861038208, 1.7546899318695068, -0.9720642810698887, 1791403408638177112, 
-0.5747234225273132, 1.751015543937683, -0.9492724865298116, 1791403408685179177, 
-0.572073221206665, 1.7473076581954956, -0.9257447892067046, 1791403408733164250, 
-0.5693198442459106, 1.7434910535812378, -0.901786597186931, 1791403408780992546, 
-0.5662707686424255, 1.7396533489227295, -0.8767814238382466, 1791403408831674713, 
-0.5626585483551025, 1.7351844310760498, -0.845893635183825, 1791403408893716402, 
-0.5597741603851318, 1.7317255735397339, -0.8230463702654728, 1791403408941448963, 
-0.5566204786300659, 1.7282177209854126, -0.7986098049064961, 1791403408990180118, 
-0.5533967614173889, 1.7249224185943604, -0.7756166111992856, 1791403409037177282, 
-0.5502000451087952, 1.7215750217437744, -0.7517785792258891, 1791403409085212672, 
-0.5468631982803345, 1.7184151411056519, -0.7277058117783829, 1791403409133324501, 
-0.5424962043762207, 1.714198112487793, -0.6945161930272618, 1791403409198703355, 
-0.5390223860740662, 1.7113254070281982, -0.6716899767785889, 1791403409245098697, 
-0.5353147983551025, 1.7084598541259766, -0.6480389374180512, 1791403409292953790, 
-0.5316423177719116, 1.7056455612182617, -0.6234896456706298, 1791403409342211290, 
-0.5278797745704651, 1.702900767326355, -0.5992759448354842, 1791403409390207299, 
-0.5243218541145325, 1.7003555297851562, -0.5744704662534575, 1791403409438211430, 
-0.5205988883972168, 1.6978626251220703, -0.550496075891658, 1791403409485175874, 
-0.5166043043136597, 1.69536292552948, -0.5267784505045762, 1791403409533165632, 
-0.5111310482025146, 1.6921378374099731, -0.49512274196786793, 1791403409598184244, 
-0.508492112159729, 1.6906895637512207, -0.47984485002232724, 1791403409629628251, 
-0.5031642317771912, 1.6878483295440674, -0.4468258024597634, 1791403409694615737, 
-0.49907568097114563, 1.685757040977478, -0.4228252148149031, 1791403409742431561, 
-0.4948967695236206, 1.6837992668151855, -0.3999159273937323, 1791403409789215771, 
-0.49050742387771606, 1.6819820404052734, -0.37596393512879667, 1791403409838171671, 
-0.4862915277481079, 1.6803648471832275, -0.35292568667415314, 1791403409886188279, 
-0.4821283519268036, 1.678850531578064, -0.3290494048856354, 1791403409934239989, 
-0.477813720703125, 1.6772353649139404, -0.3035115775949644, 1791403409983443678, 
-0.47362053394317627, 1.6758065223693848, -0.28013485203134186, 1791403410029321741, 
-0.46904900670051575, 1.6744213104248047, -0.25602538389049995, 1791403410078185201, 
-0.46307793259620667, 1.6727609634399414, -0.22493157748285317, 1791403410141194455, 
-0.4585380554199219, 1.6717076301574707, -0.2009033576255228, 1791403410189212071, 
-0.4541005492210388, 1.670737385749817, -0.17597364035713775, 1791403410238219005, 
-0.4497184753417969, 1.6698439121246338, -0.1524546165430491, 1791403410285206273, 
-0.4450569450855255, 1.6688679456710815, -0.128737669708232, 1791403410334270793, 
-0.4404717981815338, 1.6682708263397217, -0.1057103452871459, 1791403410382626205, 
-0.4359355568885803, 1.667817234992981, -0.08170695867601586, 1791403410430363218, 
-0.4298962950706482, 1.6670490503311157, -0.04913013887256291, 1791403410494389574, 
-0.4255049228668213, 1.666776418685913, -0.02620428519266978, 1791403410541202831, 
-0.4208024740219116, 1.6666384935379028, -0.002346511062084283, 1791403410590189838, 
-0.4161236584186554, 1.6664237976074219, 0.021412503595069576, 1791403410638197478, 
-0.4114503264427185, 1.6664985418319702, 0.045370337122751424, 1791403410686195115, 
-0.40694597363471985, 1.6665271520614624, 0.06991975277255469, 1791403410734176390, 
-0.4007422924041748, 1.6666580438613892, 0.10234658624595974, 1791403410798570815, 
-0.39759767055511475, 1.6668360233306885, 0.1183868944190859, 1791403410830668667, 
-0.39266741275787354, 1.6673041582107544, 0.14223151025368608, 1791403410878153466, 
-0.386325478553772, 1.66808021068573, 0.173932475016407, 1791403410941197743, 
-0.38175731897354126, 1.6688026189804077, 0.19822000424475528, 1791403410990593629, 
-0.3773409426212311, 1.6695560216903687, 0.22250032334574213, 1791403411038195270, 
-0.3729078471660614, 1.6706275939941406, 0.24630975519356385, 1791403411086415134, 
-0.3683575689792633, 1.6716221570968628, 0.2704877702968214, 1791403411134997560, 
-0.36396098136901855, 1.672731876373291, 0.2931360735548389, 1791403411181023590, 
-0.3595421612262726, 1.6740422248840332, 0.317258021696079, 1791403411229839520, 
-0.355273962020874, 1.6754202842712402, 0.3415380916893058, 1791403411278326274, 
-0.34966370463371277, 1.677302598953247, 0.3734922074576586, 1791403411341381326, 
-0.3451867401599884, 1.6789658069610596, 0.39746499536272367, 1791403411390385081, 
-0.34087130427360535, 1.6807193756103516, 0.4218065244807457, 1791403411438333642, 
-0.3367500305175781, 1.6824712753295898, 0.4458686890372016, 1791403411486229073, 
-0.33269569277763367, 1.684269666671753, 0.47010266371609044, 1791403411533992749, 
-0.3285732567310333, 1.6862618923187256, 0.49441653403933533, 1791403411582378887, 
-0.3229896128177643, 1.6891061067581177, 0.5260776198266953, 1791403411646086342, 
-0.31884765625, 1.6913141012191772, 0.5495161637510009, 1791403411694715882, 
-0.31490814685821533, 1.6936794519424438, 0.5730053421111365, 1791403411742358230, 
-0.3110312223434448, 1.6960676908493042, 0.5964559528339047, 1791403411790744864, 
-0.3071646988391876, 1.6984717845916748, 0.6209889115365133, 1791403411838696604, 
-0.3034312129020691, 1.701163411140442, 0.6454949384913717, 1791403411886550869, 
-0.2995968461036682, 1.7038041353225708, 0.669504613469452, 1791403411934697536, 
-0.29474103450775146, 1.7074874639511108, 0.7003108322734825, 1791403411998694766, 
-0.2923715114593506, 1.7094099521636963, 0.7153658141365206, 1791403412029436490, 
-0.2877817749977112, 1.7132539749145508, 0.7483549748239069, 1791403412094234291, 
-0.28445109724998474, 1.716257095336914, 0.7731812690231662, 1791403412142321070, 
-0.28103119134902954, 1.7193955183029175, 0.7968248186117253, 1791403412190358703, 
-0.277774840593338, 1.722764492034912, 0.8203522126863105, 1791403412238456208, 
-0.2746261954307556, 1.7260746955871582, 0.8447959249542495, 1791403412288213366, 
-0.2716502249240875, 1.7294034957885742, 0.8686134060824267, 1791403412334689847, 
-0.26859602332115173, 1.7328003644943237, 0.8928951074603638, 1791403412382371133, 
-0.2644954025745392, 1.7376070022583008, 0.9250064072085005, 1791403412447719115, 
-0.2625288665294647, 1.7399886846542358, 0.9405716097981999, 1791403412478391230, 
-0.25879040360450745, 1.7449957132339478, 0.9719356663361063, 1791403412542286780, 
-0.2560880184173584, 1.7487951517105103, 0.9958491168605954, 1791403412590383116, 
-0.25357502698898315, 1.7524964809417725, 1.0207738086782014, 1791403412638207756, 
-0.25102171301841736, 1.7562929391860962, 1.045897198588665, 1791403412686215264, 
-0.2486540824174881, 1.760239839553833, 1.069809706633309, 1791403412734184903, 
-0.24577920138835907, 1.7655442953109741, 1.1007612490913647, 1791403412797873832, 
-0.24432708323001862, 1.7682503461837769, 1.1167295047550996, 1791403412829874114, 
-0.24141718447208405, 1.7736231088638306, 1.1495693667286773, 1791403412894487612, 
-0.23946012556552887, 1.7778311967849731, 1.1731333113405993, 1791403412942229070, 
-0.237618088722229, 1.7820488214492798, 1.1965886337193952, 1791403412990207944, 
-0.23577113449573517, 1.7864006757736206, 1.2201011483637443, 1791403413038210265, 
-0.2341499924659729, 1.7908029556274414, 1.243003238745532, 1791403413086209449, 
-0.23256079852581024, 1.7951040267944336, 1.2674981947619788, 1791403413134201106, 
-0.2306511253118515, 1.8007690906524658, 1.3001453670463492, 1791403413198098544, 
-0.22929316759109497, 1.8052372932434082, 1.323795709179904, 1791403413246171456, 
-0.22811391949653625, 1.8098639249801636, 1.3467536300270608, 1791403413294087095, 
-0.226954385638237, 1.814419150352478, 1.3700613565131232, 1791403413342206194, 
-0.22597894072532654, 1.819092869758606, 1.3938075603822169, 1791403413390211256, 
-0.224967822432518, 1.8236068487167358, 1.418726511733394, 1791403413439209452, 
-0.22408701479434967, 1.8280152082443237, 1.4431568471471095, 1791403413486200417, 
-0.22343409061431885, 1.8326029777526855, 1.4670963321014716, 1791403413534198209, 
-0.22285716235637665, 1.8388508558273315, 1.4975159974573977, 1791403413599030186, 
-0.2225198596715927, 1.843274712562561, 1.520206536122082, 1791403413646362226, 
-0.2221086323261261, 1.8477319478988647, 1.544650692533726, 1791403413694626338, 
-0.22182559967041016, 1.85219144821167, 1.569587665490657, 1791403413742452881, 
-0.22178179025650024, 1.8568453788757324, 1.5945628225198323, 1791403413790209336, 
-0.22182345390319824, 1.8615258932113647, 1.6184741665881313, 1791403413839213352, 
-0.22199603915214539, 1.8661954402923584, 1.6414914162585699, 1791403413886213134, 
-0.22234363853931427, 1.870768666267395, 1.6651362329659507, 1791403413934245772, 
-0.22270284593105316, 1.8753752708435059, 1.6895966024383369, 1791403413982486637, 
-0.2230255901813507, 1.879983901977539, 1.715565262974569, 1791403414030323312, 
-0.22384554147720337, 1.886184811592102, 1.747669282003806, 1791403414093848072, 
-0.22469836473464966, 1.8907501697540283, 1.770606078059851, 1791403414142213881, 
-0.22554603219032288, 1.8952473402023315, 1.7942171492079328, 1791403414190244603, 
-0.22651055455207825, 1.8997191190719604, 1.8184958468479198, 1791403414238216176, 
-0.22756411135196686, 1.9042173624038696, 1.8434099558644412, 1791403414286215878, 
-0.22858653962612152, 1.9084750413894653, 1.8673072932422914, 1791403414334219410, 
-0.23039767146110535, 1.9144436120986938, 1.8979708735336387, 1791403414398352241, 
-0.23145626485347748, 1.9175091981887817, 1.9137881375743326, 1791403414430912154, 
-0.2333730310201645, 1.923187494277954, 1.944451477522395, 1791403414494633746, 
-0.23494626581668854, 1.9273923635482788, 1.9692235470568202, 1791403414542416602, 
-0.23670217394828796, 1.9317686557769775, 1.9943251471492658, 1791403414591218410, 
-0.23848213255405426, 1.9359055757522583, 2.0172011817218523, 1791403414638219271, 
-0.24045130610466003, 1.9401055574417114, 2.0401748701458646, 1791403414686212941, 
-0.24258576333522797, 1.9441545009613037, 2.063817334708956, 1791403414734234619, 
-0.24531127512454987, 1.9495055675506592, 2.097460060296134, 1791403414797999253, 
-0.24677753448486328, 1.9521633386611938, 2.114502430921707, 1791403414831363621, 
-0.24983015656471252, 1.9575034379959106, 2.1461700835503614, 1791403414894489173, 
-0.2523588240146637, 1.9615564346313477, 2.169931933859299, 1791403414942287421, 
-0.254977285861969, 1.9654077291488647, 2.193922220491271, 1791403414991253057, 
-0.25744226574897766, 1.969053030014038, 2.217749659810359, 1791403415038217499, 
-0.2600790560245514, 1.9727011919021606, 2.2420768738546517, 1791403415086242443, 
-0.26285701990127563, 1.9764044284820557, 2.265477181119053, 1791403415134229930, 
-0.2669050693511963, 1.9812347888946533, 2.296560420593829, 1791403415198443175, 
-0.26997846364974976, 1.9847360849380493, 2.3201146682331104, 1791403415246359299, 
-0.2720297873020172, 1.986966848373413, 2.336547342022526, 1791403415278303978, 
-0.27614492177963257, 1.9912761449813843, 2.369347295301099, 1791403415342291291, 
-0.2794172465801239, 1.994486689567566, 2.3934100791580284, 1791403415390251145, 
-0.28277480602264404, 1.9977165460586548, 2.417052406844905, 1791403415438240663, 
-0.2862321138381958, 2.000843048095703, 2.4408591394549553, 1791403415486225120, 
-0.2898583710193634, 2.00386118888855, 2.4646458658360144, 1791403415534258109, 
-0.2934788763523102, 2.0069193840026855, 2.489321018809089, 1791403415581966628, 
-0.29699569940567017, 2.0097241401672363, 2.5138493072655095, 1791403415630594032, 
-0.3007572293281555, 2.012612819671631, 2.5377664796582544, 1791403415678659725, 
-0.3058050870895386, 2.016234874725342, 2.5693802300571233, 1791403415742256089, 
-0.3096355199813843, 2.0187582969665527, 2.592549278511456, 1791403415790256072, 
-0.3134903013706207, 2.0212302207946777, 2.61720911462994, 1791403415838250414, 
-0.3172820806503296, 2.0236244201660156, 2.6416399684366283, 1791403415886261883, 
-0.32140713930130005, 2.025883913040161, 2.664909103436295, 1791403415934246976, 
-0.3256089985370636, 2.028135299682617, 2.6885645199548565, 1791403415983497639, 
-0.329651802778244, 2.030120372772217, 2.711005039438192, 1791403416030753089, 
-0.3337760269641876, 2.0321109294891357, 2.7348725074154157, 1791403416078731612, 
-0.339370459318161, 2.034593105316162, 2.7681906377257337, 1791403416143337064, 
-0.34354716539382935, 2.0362188816070557, 2.791868017584804, 1791403416190266320, 
-0.3478781282901764, 2.0378570556640625, 2.8154238910244627, 1791403416238223758, 
-0.35224345326423645, 2.0394399166107178, 2.838542426650245, 1791403416286236019, 
-0.3566756546497345, 2.0407910346984863, 2.8624968395046677, 1791403416334302024, 
-0.3624356687068939, 2.04255747795105, 2.8959255240848516, 1791403416397984640, 
-0.3654285967350006, 2.0434279441833496, 2.912175406884993, 1791403416430042865, 
-0.3698826730251312, 2.044569253921509, 2.9355699754798863, 1791403416478534199, 
-0.3759762644767761, 2.045823097229004, 2.966522212398804, 1791403416542229916, 
-0.3805425465106964, 2.046586513519287, 2.989973304492199, 1791403416590234801, 
-0.3850399851799011, 2.047431230545044, 3.01502155032622, 1791403416638258235, 
-0.3893898129463196, 2.0480802059173584, 3.039640657207013, 1791403416686239227, 
-0.39402899146080017, 2.048701286315918, 3.0636181924229566, 1791403416734300682, 
-0.4004262089729309, 2.049283027648926, 3.0948276526517913, 1791403416798229897, 
-0.4035283625125885, 2.049453020095825, 3.1106543582237616, 1791403416830534644, 
-0.40806829929351807, 2.049672842025757, 3.1349279882004297, 1791403416878477347, 
-0.4142441749572754, 2.0498850345611572, -3.1155812730139227, 1791403416942257555, 
-0.4189355671405792, 2.04986310005188, -3.0915617919643594, 1791403416990642612, 
-0.4236294627189636, 2.0497677326202393, -3.0677492699229965, 1791403417038275011, 
-0.4284535050392151, 2.0494191646575928, -3.0438482891394805, 1791403417086546328, 
-0.43320658802986145, 2.0490756034851074, -3.0192096196770875, 1791403417135251391, 
-0.43886274099349976, 2.0485312938690186, -2.9871415815986744, 1791403417197960660, 
-0.4434346854686737, 2.04788875579834, -2.9629545157944603, 1791403417246680142, 
-0.4466105103492737, 2.0474233627319336, -2.9469947951833544, 1791403417278696763, 
-0.4526529312133789, 2.046261787414551, -2.9161536519110625, 1791403417342238177, 
-0.45719191431999207, 2.045342445373535, -2.892155652771916, 1791403417390325660, 
-0.46155020594596863, 2.0443248748779297, -2.867789967681282, 1791403417438236540, 
-0.46587449312210083, 2.043135404586792, -2.844657380298843, 1791403417486594133, 
-0.47039923071861267, 2.041963577270508, -2.82020373801304, 1791403417535369297, 
-0.47633659839630127, 2.0400779247283936, -2.788978805665252, 1791403417598356241, 
-0.47927698493003845, 2.0391440391540527, -2.7729997592688345, 1791403417630508377, 
-0.4836844205856323, 2.0375466346740723, -2.748907988145804, 1791403417678731170, 
-0.48939335346221924, 2.035374641418457, -2.7164983703580035, 1791403417742465287, 
-0.4937407970428467, 2.033633232116699, -2.6924095151431002, 1791403417790450032, 
-0.4980882406234741, 2.0315322875976562, -2.668824513451422, 1791403417838493282, 
-0.5022611021995544, 2.0294651985168457, -2.6454150938211596, 1791403417886527780, 
-0.5063810348510742, 2.027231216430664, -2.6216536250447082, 1791403417934170986, 
-0.5104206204414368, 2.025028944015503, -2.597304311195349, 1791403417982620640, 
-0.5144263505935669, 2.0228400230407715, -2.5721908147009245, 1791403418030619140, 
-0.519727349281311, 2.019613027572632, -2.5394171910873653, 1791403418094389103, 
-0.5236329436302185, 2.016920804977417, -2.515568708072746, 1791403418142346454, 
-0.5275235176086426, 2.0143303871154785, -2.491338226640219, 1791403418190125169, 
-0.5310714840888977, 2.011641263961792, -2.467101041729641, 1791403418238219643, 
-0.534829318523407, 2.008826732635498, -2.442495785824243, 1791403418287405176, 
-0.5383675694465637, 2.0059545040130615, -2.41910708120242, 1791403418334457257, 
-0.5432314276695251, 2.001852512359619, -2.387604740722823, 1791403418398683368, 
-0.5455406308174133, 1.9998122453689575, -2.3719846660537875, 1791403418430644908, 
-0.549880862236023, 1.9955480098724365, -2.339991560455873, 1791403418494452802, 
-0.5532424449920654, 1.9922962188720703, -2.315138217349872, 1791403418541807092, 
-0.5564202666282654, 1.9889891147613525, -2.290971237633888, 1791403418590255503, 
-0.5595306754112244, 1.9854683876037598, -2.267995405669818, 1791403418638289803, 
-0.5626847147941589, 1.9818484783172607, -2.2437227118324965, 1791403418687399846, 
-0.5655035376548767, 1.978398084640503, -2.2207103161667536, 1791403418734342016, 
-0.5682967901229858, 1.9748671054840088, -2.197052465732084, 1791403418782615990, 
-0.5712665915489197, 1.9711908102035522, -2.1724932846414764, 1791403418830641609, 
-0.574874222278595, 1.9663552045822144, -2.141774594891192, 1791403418894247886, 
-0.577548623085022, 1.962443232536316, -2.1184855065083217, 1791403418942251702, 
-0.5800305604934692, 1.9583948850631714, -2.095261101516914, 1791403418990275668, 
-0.5824440717697144, 1.9544425010681152, -2.071946088210622, 1791403419038250266, 
-0.5846680402755737, 1.9506361484527588, -2.0475616331098214, 1791403419086275940, 
-0.5868554711341858, 1.946608543395996, -2.0233110184723437, 1791403419134225192, 
-0.5889456868171692, 1.9424340724945068, -1.9995419553263007, 1791403419182277851, 
-0.5910412073135376, 1.938231348991394, -1.9758405069250202, 1791403419229918064, 
-0.5934526324272156, 1.9326621294021606, -1.94392736303097, 1791403419294353580, 
-0.5952022671699524, 1.9284989833831787, -1.9193256219605221, 1791403419342287918, 
-0.5969328284263611, 1.9242641925811768, -1.8951059004073953, 1791403419390250492, 
-0.5986043214797974, 1.919655442237854, -1.8706976494314458, 1791403419439249029, 
-0.6000485420227051, 1.9152166843414307, -1.847397185336362, 1791403419486291061, 
-0.601421594619751, 1.9108270406723022, -1.8237682618554196, 1791403419534227854, 
-0.6027072668075562, 1.9065356254577637, -1.7993919795016695, 1791403419582716218, 
-0.6038051843643188, 1.9020899534225464, -1.7744847431832071, 1791403419630359013, 
-0.6049489378929138, 1.8974934816360474, -1.7496368031695464, 1791403419679491019, 
-0.6061193943023682, 1.8915796279907227, -1.7190282728580621, 1791403419742255052, 
-0.6068625450134277, 1.8870370388031006, -1.6956854398359729, 1791403419790408111, 
-0.607488751411438, 1.8824092149734497, -1.671439092642016, 1791403419839235526, 
-0.6080933809280396, 1.8779451847076416, -1.6472145193271999, 1791403419886246462, 
-0.6085501909255981, 1.8734105825424194, -1.6229232160364946, 1791403419934232675, 
-0.6089186668395996, 1.868935465812683, -1.5990898750829585, 1791403419981855293, 
-0.6090937852859497, 1.86443030834198, -1.5760241387583438, 1791403420030209990, 
-0.6090905070304871, 1.8583894968032837, -1.5447686251927737, 1791403420094256829, 
-0.6092414259910583, 1.8537909984588623, -1.5197572182181855, 1791403420142268190, 
-0.6091134548187256, 1.8491599559783936, -1.49516371009455, 1791403420190261564, 
-0.608859121799469, 1.8443700075149536, -1.470837016157322, 1791403420240254862, 
-0.6085283756256104, 1.8400448560714722, -1.448635341175524, 1791403420286253850, 
-0.6079705357551575, 1.8354014158248901, -1.4258996483114583, 1791403420334230400, 
-0.6074579358100891, 1.8308689594268799, -1.4019301674127416, 1791403420382680605, 
-0.6065437197685242, 1.8248558044433594, -1.3683995760630563, 1791403420446070885, 
-0.6060073971748352, 1.8218097686767578, -1.3526427332839694, 1791403420478724758, 
-0.6047914028167725, 1.8157111406326294, -1.3214217820494334, 1791403420542355021, 
-0.60373455286026, 1.8111817836761475, -1.2979819405776407, 1791403420591284120, 
-0.6025540232658386, 1.8068500757217407, -1.2749074488378254, 1791403420638255212, 
-0.6013220548629761, 1.802578330039978, -1.25006156605771, 1791403420686243800, 
-0.6000102162361145, 1.798279047012329, -1.2254770106756474, 1791403420734234990, 
-0.5984683036804199, 1.7937054634094238, -1.2012665541636305, 1791403420782143666, 
-0.5967476963996887, 1.7890831232070923, -1.177057401879539, 1791403420832108621, 
-0.5949836373329163, 1.7849003076553345, -1.154424785978286, 1791403420877912933, 
-0.5926693677902222, 1.7793142795562744, -1.1217843161502878, 1791403420942290119, 
-0.5906513333320618, 1.7750091552734375, -1.0957630468730404, 1791403420992254411, 
-0.5886535048484802, 1.7708550691604614, -1.0727072787272725, 1791403421038263302, 
-0.5864915251731873, 1.7666996717453003, -1.04933022055072, 1791403421086259486, 
-0.5842114686965942, 1.7626749277114868, -1.026056757826689, 1791403421134255302, 
-0.5818784832954407, 1.7586389780044556, -1.0016946929572792, 1791403421182366591, 
-0.5786651372909546, 1.7534922361373901, -0.9688924606302091, 1791403421246471932, 
-0.5763324499130249, 1.7497262954711914, -0.9448987506236235, 1791403421294390746, 
-0.5735393762588501, 1.7459107637405396, -0.9217858779643763, 1791403421342260218, 
-0.5706155896186829, 1.7420223951339722, -0.8974340495153781, 1791403421392300869, 
-0.567923903465271, 1.738515019416809, -0.8740343481069003, 1791403421439259978, 
-0.5650891661643982, 1.7351124286651611, -0.8509761750715301, 1791403421486263168, 
-0.5621126294136047, 1.731575608253479, -0.8267244018570685, 1791403421534274720, 
-0.5579931735992432, 1.726780891418457, -0.795050326694668, 1791403421598641214, 
-0.5558152794837952, 1.7245755195617676, -0.7798759234405395, 1791403421630395423, 
-0.5524516105651855, 1.7212477922439575, -0.7561560308498176, 1791403421678544110, 
-0.5481359362602234, 1.7170790433883667, -0.724124689694346, 1791403421742295089, 
-0.5448908805847168, 1.7141233682632446, -0.6998309940928701, 1791403421790263155, 
-0.5414429903030396, 1.7112023830413818, -0.6756193297070915, 1791403421838270150, 
-0.5378821492195129, 1.7082782983779907, -0.6518751579270584, 1791403421886264571, 
-0.5341768860816956, 1.705427885055542, -0.6285959286743008, 1791403421934364666, 
-0.5304163098335266, 1.702665090560913, -0.6041611831090034, 1791403421983564373, 
-0.5269076228141785, 1.7001031637191772, -0.5799446197041681, 1791403422030372582, 
-0.5219137072563171, 1.6967604160308838, -0.547922709307479, 1791403422094550997, 
-0.5179728269577026, 1.6942418813705444, -0.524526857856167, 1791403422143281330, 
-0.5140963196754456, 1.692010521888733, -0.5017553014406655, 1791403422190318969, 
-0.5100842714309692, 1.6897358894348145, -0.47760701397925404, 1791403422238261219, 
-0.5060387253761292, 1.687563419342041, -0.45302454605594145, 1791403422286260249, 
-0.50184166431427, 1.6854242086410522, -0.4285512012980648, 1791403422334292395, 
-0.49759140610694885, 1.6833621263504028, -0.4047272498477408, 1791403422383220048, 
-0.49337291717529297, 1.6814647912979126, -0.38169370423161725, 1791403422430014705, 
-0.4890630841255188, 1.6797816753387451, -0.3580441748825426, 1791403422478350979, 
-0.48341572284698486, 1.6777111291885376, -0.32502623355447874, 1791403422543312086, 
-0.4792715013027191, 1.6761773824691772, -0.3006418240920841, 1791403422590263484, 
-0.4749312698841095, 1.6747187376022339, -0.27656218414142564, 1791403422638267609, 
-0.4704075753688812, 1.6733683347702026, -0.2531020852101878, 1791403422686369144, 
-0.46597570180892944, 1.6721936464309692, -0.2298357561347542, 1791403422734359537, 
-0.4615240693092346, 1.6711419820785522, -0.20566533951128693, 1791403422782283555, 
-0.4570832848548889, 1.6701091527938843, -0.18043493830081772, 1791403422830187489, 
-0.4527988135814667, 1.6692286729812622, -0.1567815356123735, 1791403422878270009, 
-0.44669196009635925, 1.6681694984436035, -0.12590833213630492, 1791403422942277084, 
-0.4421852231025696, 1.6675399541854858, -0.10214032663642134, 1791403422990443823, 
-0.4377855658531189, 1.667160153388977, -0.078305357368804, 1791403423038271397, 
-0.43326470255851746, 1.666689395904541, -0.05404814428027304, 1791403423086322305, 
-0.428600013256073, 1.6662769317626953, -0.02912860413232769, 1791403423135412132, 
-0.4226374626159668, 1.6660469770431519, 0.001123121053143518, 1791403423198479987, 
-0.4194786846637726, 1.6659774780273438, 0.016747974757137116, 1791403423230415243, 
-0.41316184401512146, 1.6660512685775757, 0.04913323832982645, 1791403423295285461, 
-0.4087095856666565, 1.6661972999572754, 0.07223650122862885, 1791403423342277351, 
-0.40419715642929077, 1.6663563251495361, 0.09680359475366514, 1791403423390290064, 
-0.39956146478652954, 1.6665006875991821, 0.12176953484176878, 1791403423438341845, 
-0.3949146866798401, 1.6669527292251587, 0.1457385063339115, 1791403423486286784, 
-0.3901076316833496, 1.6675920486450195, 0.17012357774849135, 1791403423535357696, 
-0.3856707811355591, 1.6683276891708374, 0.1938563486184816, 1791403423582534674, 
-0.3812118470668793, 1.6691006422042847, 0.2183485164476352, 1791403423630704038, 
-0.3766787052154541, 1.6699355840682983, 0.2418372933474238, 1791403423677942350, 
-0.3706575930118561, 1.6714472770690918, 0.27342946975574767, 1791403423742381181, 
-0.36626607179641724, 1.6726107597351074, 0.29677221099439693, 1791403423789870544, 
-0.3620021343231201, 1.6739997863769531, 0.3207107817732397, 1791403423838618730, 
-0.35755327343940735, 1.6753878593444824, 0.34597593707012403, 1791403423887180799, 
-0.3532886803150177, 1.676817774772644, 0.36957711989972414, 1791403423934655613, 
-0.3488594591617584, 1.678444504737854, 0.3932315457451646, 1791403423982285190, 
-0.3444269001483917, 1.6800960302352905, 0.4170918996403981, 1791403424029835433, 
-0.3401716947555542, 1.6820086240768433, 0.4408398255969642, 1791403424078041344, 
-0.3346449136734009, 1.6844590902328491, 0.47357426826202953, 1791403424142350755, 
-0.33060815930366516, 1.6863844394683838, 0.4982280233663806, 1791403424190411486, 
-0.32647839188575745, 1.6885110139846802, 0.5217138351837596, 1791403424238535270, 
-0.3221697211265564, 1.6907410621643066, 0.5458096163004789, 1791403424287586547, 
-0.3182080388069153, 1.6931321620941162, 0.5677422023739342, 1791403424334473958, 
-0.31418293714523315, 1.6955273151397705, 0.5914228968005079, 1791403424382288419, 
-0.3103437125682831, 1.6978328227996826, 0.6159715871857581, 1791403424430094441, 
-0.30542731285095215, 1.7013115882873535, 0.6484902823727953, 1791403424494627680, 
-0.3015650808811188, 1.7041057348251343, 0.6717808061900634, 1791403424542554219, 
-0.29797565937042236, 1.7068109512329102, 0.6938555396572794, 1791403424589778728, 
-0.294440895318985, 1.709740161895752, 0.7167276948041247, 1791403424637800853, 
-0.29083144664764404, 1.712694525718689, 0.7416700759802329, 1791403424686833907, 
-0.287523478269577, 1.715550422668457, 0.7665266208775061, 1791403424734272459, 
-0.2829391062259674, 1.7197188138961792, 0.7984824962837122, 1791403424797937386, 
-0.28067776560783386, 1.7219023704528809, 0.8141354945588772, 1791403424829799451, 
-0.2765370309352875, 1.7264446020126343, 0.8454753085281936, 1791403424894435552, 
-0.27344730496406555, 1.7297624349594116, 0.8701764190257751, 1791403424942299043, 
-0.2704468369483948, 1.7330716848373413, 0.8948664055781659, 1791403424990283690, 
-0.2674625515937805, 1.7365821599960327, 0.9186920967972076, 1791403425038281776, 
-0.264329731464386, 1.740417242050171, 0.9431922534659916, 1791403425088307132, 
-0.2616814970970154, 1.743998646736145, 0.9652766365497021, 1791403425134489871, 
-0.25908464193344116, 1.7477880716323853, 0.9886398446343931, 1791403425182292314, 
-0.256490021944046, 1.7514716386795044, 1.0133432361681622, 1791403425231127822, 
-0.25318944454193115, 1.756440281867981, 1.0458023768417848, 1791403425293820997, 
-0.2507856786251068, 1.7604548931121826, 1.0696878285785043, 1791403425342286070, 
-0.24851949512958527, 1.7647042274475098, 1.0934789968030894, 1791403425391313648, 
-0.24635003507137299, 1.7687599658966064, 1.1170200495348688, 1791403425439282135, 
-0.24427378177642822, 1.7726815938949585, 1.141260146391605, 1791403425486294284, 
-0.24225975573062897, 1.7767781019210815, 1.1663114573977205, 1791403425534387550, 
-0.2403012365102768, 1.7809323072433472, 1.1909756148725037, 1791403425582296461, 
-0.23841361701488495, 1.7854799032211304, 1.214498299182807, 1791403425630365228, 
-0.23609742522239685, 1.7913898229599, 1.246183485030511, 1791403425694738184, 
-0.23458881676197052, 1.7956622838974, 1.2691490929650688, 1791403425742327455, 
-0.23311474919319153, 1.8001106977462769, 1.2939062582436824, 1791403425790289092, 
-0.23159360885620117, 1.8046520948410034, 1.3188696564386384, 1791403425839290894, 
-0.2303289771080017, 1.809184193611145, 1.3414502490342426, 1791403425886286156, 
-0.22917506098747253, 1.813767671585083, 1.3644035868090738, 1791403425934254653, 
-0.22800594568252563, 1.8183504343032837, 1.3878804542146044, 1791403425982299459, 
-0.22689028084278107, 1.8242133855819702, 1.4189586203539621, 1791403426045845336, 
-0.22603091597557068, 1.8286172151565552, 1.4439863310774466, 1791403426093997305, 
-0.22531671822071075, 1.8332314491271973, 1.4686430975770832, 1791403426142290313, 
-0.22475211322307587, 1.837916612625122, 1.4923028655597543, 1791403426190364592, 
